Id,Comment,"{Aspect category,   Sentiment Polarity}",review_en
1,খাবারটি অত্যন্ত সুস্বাদু ছিল  কিন্তু  দাম বেশি ছিল,"{food,   positive},   {price,   negative}",The food was very tasty but the price was high
2,যদিও খাদ্য ভাল ছিল  কিন্তু পরিবেষনা ছিল বাজে।।,"{food,   positive},   {service,   negative}",Although the food was good but the ambience was bad.
3,খাদ্যে সবসময় তাজা স্বাদ এবং তাত্ক্ষণিকভাবে পরিবেশিত।,"{food,   positive},   {service,   positive}",Food always tastes fresh and served promptly.
4,খুব ভাল দাম এবং খুব ভাল সেবা।,"{price,   positive},   {service,   positive}",Very good price and very good service.
5,"এটি একটি চমত্কার শিথিল জায়গা, এখনের  খাদ্য ভাল  ।","{ambiance,   positive},   {food,   positive}","It's a pretty relaxing place, now the food is good."
6,"মাংসের অংশ বিশাল ছিল, দাম বিশেষ কিছু না হলেও।","{food,   positive},   {price,   positive}","The meat portions were huge, although the price was nothing special."
7,সেবা ছিল অনুপযুক্ত এবং খাদ্যটি ছিল গড়ের নিচে।,"{service,   negative},   {food,   negative}",The service was inadequate and the food was below average.
8,খাঁটি খাদ্য  ছিল এবং আমি এক মাস দুইবার যাই!,"{food,   positive},   {miscellaneous,   neutral}",Had authentic food and I go twice a month!
9,"সেখানে কোন পরিবেশ ছিল না , সেবা ছিল অনুপযুক্ত","{ambiance,   negative},   {service,   negative}","There was no atmosphere, service was inadequate"
10,সেখানে কোন পরিবেশ ছিল না  এবং খাদ্যটি ছিল গড়ের নিচে।,"{ambiance,  negative},   {food,   negative}",There was no atmosphere and the food was below average.
11,"শান্ত রেস্টুরেন্ট পছন্দ করি এবং পরিবারের জন্য আমরা শুধুমাত্র একটি উপলক্ষ উদযাপন করতে এখানে যাই ,  ।","{ambiance,  neutral},   {miscellaneous,   neutral}","Love quiet restaurant and for family we go here only to celebrate an occasion,."
12,"এই ব্লকের ভোজসভাকে তাদের সবচেয়ে সেরা বলে মনে করেছি ,   আমি বিশ বছর ধরে ভাল খাওয়া পাচ্ছি ","{ambiance,   positive},   {miscellaneous,   positive}","I found this block of banquets to be the best they've had, I've been eating well for twenty years"
13,"কিন্তু সবকিছু সুস্বাদু ছিল  , সামগ্রিকভাবে মূল্য বেশি ছিল ছিল।","{food,   positive},   {price,   negative}","But everything was delicious, overall the price was high."
14,নোংরা পরিষেবা এবং একটি পরিষ্কার বাথরুম।,"{service,   negative},   {ambiance,   positive}",Dirty service and a clean bathroom.
15,"মহান খাদ্য ,  গ্রেট সেবা ।","{food,   positive},   {service,   positive}","Great food, great service."
16,"গ্রেট খাদ্য ,  নোংরা পরিষেবা ","{food,   positive},   {service,   negative}","Great food, crappy service"
17,গ্রেট খাদ্য এবং একটি পরিষ্কার বাথরুম।,"{food,   positive},   {ambiance,   positive}",Great food and a clean bathroom.
18,"এনাদের নাচোস টা অনেক মজার ,  তবে সবার রুচি এক না। ","{food,   positive},   {miscellaneous,   neutral}","Their nachos are very interesting, but not everyone's taste is the same."
19," আপনাদের রান্না করা মাংসে অর্ধেক হাড্ডি থাকে ,  প্রয়োজনে টাকার পরিমাণ আরেকটু বাড়িয়ে নেন |","{food,   negative},   {price,   negative}","Your cooked meat has half bones, if necessary, increase the amount of money a little more"
20," এদের বেশ কয়েকটি আইটেম সুস্বাদু ,  একইসাথে দামও রিজনেবল।","{food,   positive},   {price,   positive}","Several of their items are delicious, as well as reasonably priced."
21,ভালো কফি অর নিরিবিলি পরিবেশ,"{food,   positive},   {ambiance,   positive}",Good coffee or quiet environment
22,স্টেক মজার ছিল আর খরচও কম,"{food,   positive},   {price,   positive}",The steak was delicious and the cost was low
23,"বন্ডামি সার্ভিস বাদ দেন ,  দাম এত্তো বেশি কেন?","{service,   negative},   {price,   negative}","Bondami service is excluded, why is the price so high?"
24,ডাম্পলিং গুলা তেমন একটা ভালো লাগেনাই । সব দিতে লেট হইছে ।,"{food,   negative},   {service,   negative}",Dumplings are not very good. It is late to pay everything.
25,"খাবারের স্বাদ খুবই বাজে লাগছে ,  আমার কাছে ফ্রাই টা মুখে দিয়ে বমি চলে আসছে !","{food,   negative},   {food,   negative}","The taste of the food is very bad, I have vomited the fries in my mouth!"
26,"তাদের কিচেন রুম কি জঘন্য ,  দেখলে খাওয়ার স্বাধ ভুলে যাবে সবাই","{ambiance,   negative},  {food,   negative}","Their kitchen room is hideous, everyone will forget the taste of food"
27,"এত প্রাইসে ,  এই রাজকীয় আইটেমগুলো পাওয়া বেশ দুসাধ্য। ","{price,   positive},  {food,   positive}","At these prices, these royal items are hard to come by."
28,"খাবারের স্বাদ চলে আরকি তেমন আহামরি না ,  কিন্তু রেস্টুরেন্টের ডেকোরেশন অনেক সুন্দর।","{food,   neutral},   {ambiance,   positive}","The taste of the food is not that great, but the decoration of the restaurant is very beautiful."
29,জাপানিস খাবারে ঝাল আর লবন একটু কম লাগল কিন্তু নতুন একটা অবিজ্ঞতা ।,"{food,   neutral},   {miscellaneous,   positive}",Salt and salt in Japanese food is a little less but a new ignorance.
30,"দাম ঠিকই আছে ,  কিন্তু টেস্ট আর আগের মতো নাই!","{price,   positive},   {food,   negative}","The price is right, but the test is not the same as before!"
31,বিরিয়ানির রাইসটা চিকন আর ঝরঝরা ছিল কিন্তু মাংসটা শক্ত ছিল।,"{food,   neutral},   {food,   negative}",The biryani rice was fluffy and fluffy but the meat was tough.
32,গরুর মাংস হিসাবে টেস্ট অনেক ভাল ছিল কিন্তু সাথে কালাবুনা নাম দেয়া ঠিক হয় নাই ।,"{food,   positive},   {food,   negative}","As for the beef, the test was very good but the name Kalabuna was not right."
33,ঘরের খাবারের  একটা ফিল আছে । আর এমনিতে রাজহাসের মাংস  পছন্দের আমার।,"{ambiance,   positive},  {food,   positive}",There is a feeling of home cooking. And I like the meat of Rajhas.
34,"প্রতিটা চিকেন আইটেমই খুবই টেস্টি ছিল ,  তারা অনেক তাড়াতাড়িও খাবার সার্ভ করেছিল","{food,   positive},   {service,   positive}","Every chicken item was very tasty, they served the food very quickly"
35,"শিজলিংটার সেই টেস্ট  ,  গরম গরম র ফ্রেশ সার্ভ করেছিল","{food,   positive},   {service,   positive}","That test of Schizlingter, served hot and fresh"
36,দাম আবার এত্তো বেশি কিন্তু এরচেয়ে রাস্তার বার্গার ভাল,"{price,   negative},   {food,   positive}",The price is still high but the street burgers are better
37,খাবার ঠান্ডা ছিল । তার উপর ১ ঘন্টা+ ওয়েট করাইছে ।,"{food,   negative},   {service,   negative}",The food was cold. Waited 1 hour+ on it.
38,একটা আইটেম মিসিং ছিল। খাবারের টেস্টও সাদামাটা।,"{food,   negative},   {food,   negative}",An item was missing. The food test is also simple.
39," বিল দিয়ে বাজে খাবার খেয়ে আসছি ,  চিকেন ফ্রাই এ আদার গন্ধ।","{price,   negative},   {food,   negative}","I have been eating bad food with the bill, the smell of ginger in chicken fry."
40,"এত টাইম নিলো খাবার আনতে, তাও বাসি খাবার খাইয়ে দিল!","{service,   negative}, {food,   negative}","Took so much time to bring food, but also fed stale food!"
41,মাংসের ছিটেফোটাও ছিল না। আবার দাম নাকি এত্তো!,"{food,   negative},   {price,   negative}",There was not even a speck of flesh. Again the price is so much!
42,সাব-স্যন্ডুইচ টাও খুব ভাল ছিল প্রাইজ হিসাবে। পরিবেশ  সব মিলায় আলহামদুলিল্লাহ খুব ভাল।,"{price,   positive},   {ambiance,   positive}",The sub sandwich was also very good as a prize. Alhamdulillah the environment is very good.
43,বার্গার এর সব কিছু অনেক টেস্টটি ছিল এবং দামও রিজিনাবাল।,"{food,   positive},   {price,   positive}",All of the burgers were very tasty and the prices were reasonable.
44,"বিবিকিউ মোমো অনেক জোস ছিল ,   দামও রিজিনাবাল ছিল","{food,   positive},   {price,   positive}","The BBQ Momo was very juicy, and the price was reasonable"
45,স্বাদে অ্যাভারেজ এবং তাদের পরিবেশন টাও ছিলো অসাধারণ।,"{food,   neutral},   {service,   positive}",Average in taste and their serving was awesome too.
46,খাবারের মান যথেষ্ট ভালো ছিল এবং দাম কম।,"{food,   positive},   {price,   positive}",The quality of the food was quite good and the price was low.
47,পুরা বিরিয়ানি ই ঠান্ডা ছিল। আবার দাম নাকি এত্তো!,"{food,   negative},   {price,   negative}",The whole biryani was cold. Again the price is so much!
48,খাবারটি অত্যন্ত সুস্বাদু ছিল  কিন্তু  দাম বেশি ছিল |,"{food,   positive},   {miscellaneous,   negative}",The food was very tasty but the price was high
49,ব্যবহার মোটামুটি ভাল ছিল কিন্তু খাবার  নিয়ে খুবই হতাশ হয়েছি।,"{service,   positive},  {food,   negative}",Experience was fairly good but very disappointed with the food.
50,মাংসের স্লাইসও ছিল বেশ পাতলা কিন্তু দাম আকাশচুৃম্বী,"{food,   positive},   {miscellaneous,   negative}",The meat slices were also quite thin but the price was sky high
51,জঘন্য হালিম এবং পরিবেশ নোংরা ।,"{food,   negative},   {ambiance,   negative}",Disgusting Halim and the environment is dirty.
52,এই সুপ খেয়ে সেই মজা লাগল। চিকেন আর মাশরুমের পরিমাণ অনেক ভালো ছিল।,"{food,   positive},{food,   positive}",I enjoyed eating this soup. The amount of chicken and mushroom was very good.
53,"পিজ্জাটা সেই লাগল, দোকানটাও অনেক ক্লিন লাগল।","{food,   positive}, {service,   negative}","The pizza was like that, the shop was also very clean."
54,"হালিমটা এক কথায় অসাধারণ ছিল ,  আমি ভক্ত হইয়া গেসিলাম।","{food,   positive},   {miscellaneous,   positive}","Halim was in one word amazing, I became a fan."
55,বুফের খাবারের কোয়ালিটি অনেক ভালো। আর ইনটেরিওরও বেশ সুন্দর।,"{food,   positive},  {miscellaneous,   positive}",The buffet food quality is very good. And the interior is also very beautiful.
56,সব খাবারেরই দাম  বেশ রিজিনেবল ছিল। আর ইনটেরিওরও বেশ সুন্দর।,"{price,  positive},  {ambiance,  positive}",All the dishes were very reasonably priced. And the interior is also very beautiful.
57,সত্যিকার অর্থে গরুর চাপের স্বাদটা মুখে লেগে থাকার মতন আর তাদের সার্ভিসও অনেক ফাস্ট ছিল।,"{food,   positive},  {service,   positive}",The taste of cow pressure is really mouth-watering and their service was also very fast.
58,খেতে ভাল ছিল আর সার্ভিসের কথা বললে আমি সন্তুষ্ট।,"{food,   positive},  {service,   positive}",The food was good and I am satisfied with the service.
59,সার্ভিস ভালই ছিল কিন্তু চুই ঝাল খারাপ এদেরটা।,"{service,   positive},  {food,   negative}",The service was good but they are bad.
60,নেহারিটা খুবই মজার কিন্তু পরিবেশটা অসুন্দর।,"{food,   positive},   {ambiance,   negative}",Nehari is very interesting but the environment is not good.
61,ওনাদের  সার্ভিস অসাধারণ ছিলো কিন্তু স্বাদের ব্যাপারে আরো অনেক বেশি মনোযোগী হতে হবে।,"{service,   positive},  {food,   negative}",Their service was excellent but they need to pay more attention to the taste.
62,রাইসটা অনেক ফ্লেভারফুল তবে তাদের সার্ভিসও ভাল লাগেনি।,"{food,   positive},  {service,   negative}",The rice is very flavorful but their service was not good either.
63,"বেশ মজাদার খাবার ছিল, আর স্টাফদের ব্যবহারও ভালো।","{food,   positive},   {service,   negative}","The food was very tasty, and the staff were very nice."
64,"খাবারের টেস্ট অসাধারণ ,  সার্ভিস  বেশ ভাল।","{food,   positive},  {service,   positive}","The taste of the food is excellent, the service is very good."
65,সাইড ডিশগুলা তেমন ভাল লাগে নাই তবে সার্ভিস বেশ ভালো।,"{food,   positive},  {service,   positive}",The side dishes are not very good but the service is good.
66,টেস্ট মোটামুটি ছিল বাট তাদের সার্ভিসও ভাল লাগেনি।,"{food,   negative},  {service,   negative}",The test was fair but their service was not good.
67,তাদের সার্ভিস দারুণ এবং খাবারের মান বেশ ভালো।,"{service,   positive},  {food,   positive}",Their service is great and food quality is good.
68,বেস্ট চিকেন চাপ। দাম ১২০ টাকা আমার কাছে ঠিকই মনে হল।,"{food,   positive},  {price,  positive}",Best Chicken Pressure. The price of 120 rupees seemed right to me.
69,"খাবারের টেস্ট অসাধারণ ,   ইনটেরিওর বেশ ভাল।","{food,   positive},  {ambiance,   positive}","Food taste great, interior is good."
70,বারবিকিউ বেশ মজার ছিল। দামটা একটু বেশি লাগলো।,"{food,   positive},  {price,  negative}",The barbecue was quite fun. The price was a bit high.
71,খাবারের দাম বেশি হলেও মান ভালো ছিলো না।,"{price,   negative},   {food,   negative}",The price of food was high but the quality was not good.
72,খাবার বাজে ছিলো এবং সার্ভিস তার থেকেও বাজে ছিলো।,"{food,   negative},  {service,   negative}",The food was bad and the service even worse.
73,খাবার ভালো তবে পরিবেশটা পছন্দ হয়নি।,"{food,  positive},  {ambiance,  negative}",Food is good but environment is not liked.
74,খুব ভালো দাম এবং পরিবেশও ভালো।,"{price,  positive},  {ambiance,  positive}",Very good prices and good environment too.
75,উনাদের ব্যবহারে মুগ্ধ এবং খাবারের মানেও মুগ্ধ।,"{service,   positive},  {food,   positive}",Impressed with their use and also impressed with the quality of the food.
76,খাবারের মান ভালো কিন্তু পরিবার নিয়ে যাবার মত জায়গা না।,"{food,  positive},  {ambiance,  negative}",Food quality is good but not a family friendly place.
77,আমার জীবনে এতো ভালো কাচ্চি খাই নাই যদিও দামটা বেশি।,"{food,   positive},  {price,  negative}",I have never eaten such good kachchi in my life even though the price is high.
78,রেস্টুরেন্টা ছোট কিন্তু  দাম বেশি।,"{ambiance,  negative},  {price,   negative}",The restaurant is small but expensive.
79,পরিবেশও বাজে এবং খাবারও বাজে।,"{ambiance,  negative},  {food,   negative}",The environment is bad and the food is also bad.
80,অমৃত স্বাদ কিন্তু দামটা একটু বেশি।,"{food,   positive},  {price,  negative}",Amrit taste but the price is a bit high.
81,মাংস এর পরিমান বেশি ছিলো না কিন্তু দামওতো কম।,"{food,  negative},  {price,   negative}",The quantity of meat was not high but the price was also low.
82,শান্ত জায়গা এবং সার্ভিসও ভালো।,"{ambiance,  positive},  {service,   positive}",Quiet place and good service.
83,ইলিশভাজাটা সেই এবং দামও সাধ্যের মধ্যে।,"{food,   positive},  {price,   positive}",Ilhasvajata is the same and the price is affordable.
84,ফ্রাইড রাইসটা ভালো লাগলো তবে দাম প্রয়োজনের তুলনায় বেশি।,"{food,   positive},  {price,   negative}",The fried rice was good but the price was more than necessary.
85,দাম বেড়েছে এবং তার সাথে স্বাদও বেড়েছে।,"{price,   negative},  {food,   positive}",The price has gone up and so has the taste.
86,ক্রিমসনকাপের পরিবেশও  জোস এবং কফিও জোস।,"{ambiance,  positive},  {food,   positive}",CrimsonCup's atmosphere is also joss and coffee is joss.
87,কফিটা বেশি স্ট্রং ছিলো যা আমার পছন্দ না এবং দামও বেশি।,"{food,  negative},   {price,   negative}",The coffee was too strong which I didn't like and the price was high.
88,একই প্রাইস রেঞ্জে অনেক আইটেম আছে যেটা ভালো এবং পরিবেশও মোটামুটি।,"{miscellaneous,   positive},  {ambiance,  neutral}",There are many items in the same price range that are good and the environment is also fair.
89,প্যানকেকটা বেশি ভালো ছিলো এবং তারা খুবই তাড়াতাড়ি সার্ভ করতে পারছিলো।,"{food,   positive},  {service,   positive}",The pancake was better and they served very quickly.
90,৩০০ টাকার বাজেট ছিলো কিন্তু সেরা স্বাদের খাবার পেলাম না এখানে।,"{price,   negative},  {food,  negative}",I had a budget of 300 rupees but did not get the best tasting food here.
91,দাম অনেক বেশি এবং পরিবেশও অনেক হাইফাই।,"{price,   negative},  {ambiance,  positive}",The prices are high and the atmosphere is very hifi.
92,খাবারের মানও বাজে এবং দামও বাজে।,"{food,  negative},  {price,   negative}",The quality of the food is bad and the price is also bad.
93,বাচ্চাদের খেলার জায়গা আছে এবং তাদের জন্য ভালো খাবারও আছে।,"{ambiance,  positive},  {food,   positive}",There is a place for kids to play and good food for them too.
94,লাচ্চিটার স্বাদ বলার মত না কিন্তু রেস্টুরেন্টের পরিবেশটা ভালো লাগ্লো না।,"{food,   positive},  {ambiance,  negative}",The taste of lacchita is not good but the atmosphere of the restaurant is not good.
95,দাম বাড়লো ঠিকই কিন্তু স্বাদ একই আছে।,"{price,   negative},  {food,   neutral}",The price has increased but the taste remains the same.
96,মনের মত স্বাদ পেলাম না কিন্তু সার্ভিস ভালো ছিলো।,"{food,  negative},  {service,   positive}",I didn't like the taste but the service was good.
97,কম দামের মাঝে যে ভালো খাবার পাওয়া যায় আজকে দেখলাম এবং পরিবেশও ভালো।,"{price,   positive},  {ambiance,  positive}",I saw today that good food is available at low prices and the environment is also good.
98,দাম কম খাবারের কিন্তু খাবারটা যে বাশি তাতে আমার সন্দেহ নেই।,"{price,   positive},  {food,  negative}",The food is cheap but I have no doubt that the food is stale.
99,এতো বেশি স্বাদের ভর্তা আমি আগে খাইনি এবং দামও কম।,"{food,   positive},  {price,   positive}",I haven't eaten bharta with so much flavor before and the price is also low.
100,সি ফুডের স্বাদ ভালো ছিলো কিন্তু প্লেটের মধ্যে পরিবেষন স্টাইল আমার ভালো লাগেনি।,"{food,   positive},  {miscellaneous,   negative}",The seafood taste was good but I didn't like the presentation style in the plate.
101,লাজানিয়া এর দাম বেশি কিন্তু খেতে একদম জাউভাতের মত লাগলো।,"{price,   negative},  {food,  negative}","The price of lasagna is high, but it tasted like a piece of bread."
102,খাবারের দাম তুলনামূলক কম এবং অন্যান্য জায়গা থেকে  পরিমানে বেশি।,"{price,   positive},  {miscellaneous,   positive}",Food prices are relatively low and relatively higher than other places.
103,চিকেন কর্ন স্যুপে শুধু চিকেন আর কর্নই মুখে পড়লো এবং দামও তেমন বেশি না।,"{food,   positive},  {price,   positive}",Chicken Corn Soup is just chicken and corn and the price is not that high.
104,খাবারের দাম রিসোনেবল না কিন্তু সার্ভিসে সন্তুষ্ট হয়েছি।,"{price,   negative},  {service,   positive}",The price of the food is not reasonable but I am satisfied with the service.
105,আড্ডা দেবার জন্য ভালো পরিবেশ কিন্তু খাবারের দাম অনেক বেশি।,"{ambiance,  positive},  {price,   negative}",Good atmosphere to hangout but food price is high.
106,এতো ফ্রেন্ডলি সার্ভিস আগে উপভোগ করিনি যদিও খাবারের মান এতো ভালো ছিলো না।,"{service,   positive},  {food,  negative}",Never experienced such friendly service before though food quality was not so good.
107,চিকেন পিজ্জার দাম অনেক বেশি কিন্তু তাতে তেমন বেশি চিকেন খুজেই পেলাম না।,"{price,   negative},  {food,  negative}",The price of chicken pizza is very high but I didn't find much chicken in it.
108,সেরা সেট মেনু কিন্তু রেস্টুরেন্টে জায়গার অভাব অনেক।,"{price,   positive},  {ambiance,  negative}",Best set menu but lack of space in restaurant.
109,কাচ্চির কোয়ালিটি ভালো কিন্তু ডেলিভারিতে অনেক সময় ব্যয় হয়েছে তাদের।,"{food,   positive},  {service,   negative}",The quality of kacchi is good but they took a lot of time in delivery.
110,বার্গারের দাম বেশি কিন্তু মাংসের পরিমান অনেক কম ছিলো।,"{price,   negative},  {food,  negative}",The price of the burger was high but the amount of meat was very low.
111,রেস্টুরেন্টার লোকেশন ভালো এবং দামও কম খাবারের।,"{miscellaneous,   positive},  {price,   positive}",The location of the restaurant is good and the price of the food is also low.
112,সার্ভিস ভালো ছিলো কিন্তু এতো মশাপুর্ণ রেস্টুরেন্ট আগে দেখিনি।,"{service,   positive},  {ambiance,  negative}",The service was good but I have never seen a restaurant so full of mosquitoes.
113,খাবারগুলো দেখে রুচি আসলো না যদিও দাম অনেক বেশি।,"{food,  negative},  {price,   negative}",The food was not tasty though the prices were high.
114,সালাদের দাম অনেক কম কিন্তু এর কোয়ালিটি অসাধারন।,"{price,   positive},  {food,   positive}",The price of the salad is very low but the quality is amazing.
115,কেকের স্বাদ অনেক ভালো এবং পার্টির জন্য পরিবেশটাও সুন্দর অনেক।,"{food,   positive},  {ambiance,  positive}",The cake tastes very good and the atmosphere for the party is also very nice.
116,খাবারের দাম বেশি না এবং পরিবারকে নিয়ে খাবারের জন্য ভালো পরিবেশও আছে।,"{price,   positive},  {ambiance,  positive}",The food is not expensive and there is a good atmosphere for dining with the family.
117,দাম কম কিন্তু পরিবেশের জন্য বেশি কাস্টোমার নেই যা বুঝা গেলো।,"{price,   positive},  {ambiance,  negative}",The price is low but not many customers for the environment which is understandable.
118,হাালিমের মধ্যে একদম মাংস নেই এবং দামও অনেক চওড়া অন্যান্য জায়গা থেকে।,"{food,  negative},  {price,   negative}",There is no meat in the haleem and the price is much higher than other places.
119,নানরুটিতে বাটার অনেক বেশি যা স্বাদ আরো বাড়িয়ে দিয়েছে কিন্তু রুটি বানানোর জায়গাটা অপরিষ্কার।,"{food,   positive},  {ambiance,   negative}",Nanroti has a lot of butter which adds to the taste but the place where the bread is made is unclean.
120,স্টেক খেয়ে অনেক ভালো লাগ্লো কিন্তু দামটা অনেক বেশি ছিলো।,"{food,   positive},  {price,   negative}",The steak was very good but the price was too high.
121,বিরিয়ানিটা মোটামুটি ছিলো কিন্তু দামের অনুপাতে ভালোই লাগ্লো।,"{food,   neutral},  {price,   positive}",Biryani was average but good value for money.
122,সব আইটেমের দাম সাধারন এবং স্বাদ সাধারন,"{price,   positive},  {food,   positive}",All items are priced normally and taste normal
123,দাম মাত্র ৭০ টাকা কিন্তু নিহারির স্বাদ অনেক বেশি জোস।,"{price,   positive},  {food,   positive}",The price is only 70 rupees but the taste of nihari is very juicy.
124,বটের পরিমান এই রেস্টুরেন্ট থেকে বেশি কিন্তু এখানে পরিচ্ছন্নতার ব্যাপারটা ভালো লাগ্লো।,"{food,  negative},  {ambiance,  positive}",The amount of bot is more than this restaurant but the cleanliness here is good.
125,দাম বেশি কিন্তু কাকড়া খাইতে মজা না।,"{price,   negative},  {food,  negative}",The price is high but eating crab is not fun.
126,মোগালাইতে ডিমের পরিমান অনেক বেশি দেয়া হয়েছে এবং দামও মোটামুটি।,"{food,   positive},  {price,   neutral}",The quantity of eggs offered in Mogalai is very high and the price is also fair.
127,চিংড়ি এর সাইজ অনেক ছোট কিন্তু দামটা বেশি।,"{food,  negative},  {price,   negative}",The size of shrimp is very small but the price is high.
128,অক্টোপাসের বার্বিকিউটা খেতে ভালো লেগেছে যদিও দামটা বেশি ছিলো।,"{food,   positive},  {price,   negative}",Loved eating the octopus barbeque although the price was high.
129,কালাভুনাটা না খাইলে আসলেই মিস এবং দামও মোটামুটি।,"{food,   positive},  {price,   neutral}","If you don't eat kalavunata, it's really a miss and the price is also reasonable."
130,ডেসার্ট এর পোর্শনটা ভালো ছিলো এবং  স্বাদ অসাধারন ছিলো।,"{food,   positive},   {food,   positive}",The portion of the dessert was good and the taste was amazing.
131,ইফতারের প্ল্যাটার যেমন খাইতে বাজে এবং দামও বেশি।,"{food,  negative},  {price,   negative}",Iftar platters are as bad to eat and expensive too.
132,মেন্যুর ছবির সাথে খাবারে কোন মিল পেলাম না এবং সার্ভিসও ছিলো মোটামুটি।,"{food,  negative},  {service,   neutral}",The food did not match the picture on the menu and the service was also average.
133,মাছগুলো পচা ছিলো এবং  দাম কমিয়ে দিয়েছে তারা।,"{food,  negative},   {price,   positive}",The fish was rotten and they reduced the price.
134,চিংড়ি মাছটাকে ভালো করে পরিষ্কার করা হয়নি  এবং চারপাশে খুব বাজে দুর্গন্ধও আসছিলো।,"{food,  negative},  {ambiance,  negative}",The prawns were not cleaned properly and there was a very bad smell around.
135,মাশরুম রাইসে কোন মাশরুম ছিলো না বললেই চলে এবং সার্ভিসও অনেক স্লো।,"{food,  negative},  {service,   negative}",There was no mushroom in the mushroom rice and the service was very slow.
136,ক্লিনিং এর ব্যাপারে একদম উদাসীন স্টাফ এবং খাবারের কোয়ালিটিও অনেক বাজে।,"{service,   negative},  {food,  negative}",Very indifferent staff about cleaning and food quality is also very bad.
137,অনেক বাজে সার্ভিস এবং বাচ্চাদের উপযোগী রেস্টুরেন্ট নয় এটি।,"{service,   negative},  {ambiance,  negative}",Very poor service and not a kid friendly restaurant.
138,আলুপুড়িতে আলুর পরিমান বেশি ছিলো কিন্তু দাম অন্যান্য দোকানের মতই সাধারন ছিলো।,"{food,   positive},  {price,   neutral}","At Alupuri, the quantity of potatoes was high but the price was normal like other shops."
139,দাম কম এবং স্বাদও ভালো।,"{price,   negative},  {food,   positive}",The price is low and the taste is good.
140,চাওমিনে চিকেনের সাইজগুলো ভালো ছিলো এবং সাথে স্বাদও ভালো।,"{food,   positive},  {food,   positive}",The chaomin chicken sizes were good and tasted good too.
141,এত্তো কম দাম এবং স্বাদও মোটামুটি।,"{price,   positive},  {food,   neutral}",The price is so low and the taste is just right.
142,কেকের দাম প্রতি কেজিতে কম হলেও স্বাদ  খারাপ না।,"{price,   positive},  {food,   neutral}",The price of the cake per kg is less but the taste is not bad.
143,চিকেন রোল্টার স্বাদ ভালো কিন্তু দামটা একটু বেশি।,"{food,   positive},  {price,   negative}",Chicken Rolta tastes good but the price is a bit high.
144,পাকোড়া এর দাম মাত্র ১৫ টাকা কিন্তু  স্বাদতো অনেক বেশি ভালো।,"{price,   positive},  {food,   positive}",The price of pakora is only 15 rupees but the taste is much better.
145,পোলাও খেয়ে তৃপ্তি পেলাম এবং দামও মোটামুটি বেশি ছিলো না।,"{food,   positive},  {price,   neutral}",I was satisfied with Polao and the price was not too high.
146,ডালপুড়িতে স্বাদ নেই যদিও  সাইজ বড় ।,"{food,  negative},  {miscellaneous,   positive}",The stalks are tasteless though large in size.
147,সিঙারাতে কলিজার পরিমান ভালো এবং দামও বেশি না।,"{food,   positive},  {price,   positive}",Singarat has a good quantity of cholera and the price is not too high.
148,১৫০ টাকাতে ৬ পিছ গরুর মাংস এবং স্বাদও চরম ভালো।,"{price,   positive},  {food,   positive}",6 back beef for 150 taka and the taste is also very good.
149,সুজন মামার টর্নেডো চিপ্সের দাম ২০ টাকা হলেও স্বাদ  অনেক বেশি ভালো।,"{price,   positive},  {food,   positive}",Sujan Mama's Tornado Chips cost 20 rupees but the taste is much better.
150,দাম এখানে মোটামুটি এবং সেট মেন্যু এর কোয়ালিটিও ভালো লাগ্লো।,"{price,   neutral},  {food,   positive}",The prices here are reasonable and the quality of the set menu is also good.
151,বার্গারের সাথে চিকেন ফ্রাই এর আইডিয়াটা বেশি ভালো লাগ্লো না এবং দামও বেশি।,"{food,  negative},  {price,   negative}",The idea of ​​chicken fries with a burger is not very good and the price is high.
152,মাটন চাপের মাংস অনেক বেশি শুকনা ছিলো এবং দামও তুলনামুলক বেশি ছিলো বাকি রেস্টুরেন্ট থেকে।,"{food,  negative},  {price,   negative}",The mutton pressure meat was very dry and the price was higher than other restaurants.
153,বাচ্চাদের জন্য কোন খাবার নেই মেন্যুতে কিন্তু যেসকল খাবার আছে সেগুলোর দাম কমই।,"{miscellaneous,   negative},  {price,   positive}",There are no children's meals on the menu but the ones that are available are reasonably priced.
154,খাবারের মানও বাজে এবং তার সাথে ওয়েটারদের ব্যবহারও বাজে।,"{food,  negative},  {service,   negative}",The quality of the food is bad and so is the behavior of the waiters.
155,গরুর চাপে তেল বেশি ছিলো কিন্তু দাম অন্যান্য জায়গা থেকে কম ছিলো।,"{food,  negative},  {price,   positive}",Oil was high on bull pressure but prices were lower than elsewhere.
156,আগুন পান খাইতে সেই এবং পুরো টাকা উসুল হয়েছে।,"{food,   positive},  {price,   positive}",That and the full amount has been recovered for the fire.
157,৫ তারকা হোটেলের চা খেয়ে মনে শান্তি আসলো না এবং শুধু শুধু ২০০০ টাকা দিতে হলো।,"{food,  negative},  {price,   negative}",I did not have peace of mind after having tea in a 5 star hotel and only had to pay 2000 Tk.
158,আমেরিকান বার্গারটা একদম সিম্পলের ভিতর গরজিয়াস এবং দামও রিসোনেবল।,"{food,   positive},  {price,   positive}",The American burger is simply gorgeous and reasonably priced.
159,বার্গারের বান এতো পাতলা হয়ে গেছে এবং দামও অনেক বেশি স্বাদের তুলনায়।,"{food,  negative},  {price,   negative}",The burger buns are so thin and the price is too high for the taste.
160,উপাদানের কম্বিনেশনটা ভালো কিন্তু স্বাদটা তেমন ভালো লাগ্লো না।,"{miscellaneous,   positive},  {food,  negative}",The combination of ingredients is good but the taste is not that good.
161,চিকেন ফিলেটটা অনেক বেশি জুসি কিন্তু দামটা যদিও এক্টু বেশি।,"{food,   positive},  {price,   negative}",The chicken fillet is very juicy but the price is too high.
162,বার্গারের প্যাটি একটু বেশি মোটা এবং এরজন্য সাইজটা বেশি বড় লাগছে।,"{food,   positive},  {miscellaneous,   positive}",The patty of the burger is a bit thicker and the size feels larger because of that.
163,রেস্টুরেন্টে ঝাল্মুড়ির স্বাদ একালার দোকানগুলার মতই কিন্তু দামটা বেশি।,"{food,   neutral},  {price,   negative}",The taste of jhalmuri in the restaurant is similar to that of the shops in Akala but the price is higher.
164,মাংসগুলা কাচা ছিলো এবং তাদের সার্ভিংও তেমন ভালো ছিলো না।,"{food,  negative},  {service,   negative}",The meats were raw and their servings were not that good.
165,এতো ভালো সার্ভিস দেখি নাই আমি এবং খাবারের মানও ভালো।,"{service,   positive},  {food,   positive}",I have never seen such good service and food quality is also good.
166,এখানের স্মুদিগুলোতে অনেক অপশন আছে এবং এখানের পরিবেশও অনেক মুগদ্ধ হবার মত।,"{miscellaneous,   positive},  {ambiance,  positive}",There are many options in the smoothies here and the atmosphere here is also very charming.
167,এই রেস্টুরেন্টের লেবুর শরবত অনেক বেশি রিফ্রেশিং এবং দামও কম অনেক।,"{food,   positive},  {price,   positive}",The lemon sorbet of this restaurant is very refreshing and the price is also very low.
168,কাচ্চির মাংসগুলা অনেক কোমল এবং জুসি ছিলো কিন্তু দামতো স্বাদের তুলনায় অনেক কম মনে হচ্ছে।,"{food,   positive},  {price,   positive}",The kacchi meat was very tender and juicy but the price seemed too low compared to the taste.
169,পুদিনা পাতার চাটনিটা যা ছিলো না এবং মজা ব্যাপার হলো যতই নেও না কেনো ফ্রি একদম।,"{food,   positive},  {price,   positive}",The mint leaf chutney was not there and the funny thing is that it is free no matter how much you take.
170,রেশ্মি কাবাবটা মুখে দিতেই গলে গেলো এবং দামটাও খুবই ভালো।,"{food,   positive},  {price,   positive}",The Reshmi Kebab melts in your mouth and the price is also very good.
171,এখানে বেশি ভেজেটেরিয়ান অপশন নেই এবং যা আছে সেগুলো দাম অনেক বেশি।,"{miscellaneous,   negative},  {price,   negative}",There aren't many vegetarian options and the ones that are are very expensive.
172,শিক কাবাবের জন্য অপেক্ষা করতে হলো অনেক্ষন কিন্তু স্বাদ অনেক অনেক বেশি ভালো।,"{service,   negative},  {food,   positive}",Had to wait a long time for Shik Kebab but the taste is much better.
173,চিকেন কাটি রোলের ভিতর মাংসের পরিমান  ভালো এবং দামও বেশি না।,"{food,   positive},  {price,   positive}",The amount of meat inside the chicken cutlet roll is good and the price is not too high.
174,শালপাতাতে খেতে ভাল লাগলো এবং খাবারের স্বাদ কেনো যেনো একটু অন্যরকম ভালো লাগ্লো।,"{miscellaneous,   positive},  {food,   positive}",It was good to eat at Shalpata and somehow the food tasted a little different.
175,মাংসের তরকারিটা অনেক বেশি ঝাল হইসে কিন্ত সবকিছু বিবেচনা করলে দাম  ভালো।,"{food,   positive},  {price,   positive}",The meat curry is very salty but all things considered the price is good.
176,ফুচকার দাম বেশি কিন্তু খাইতে মজা লাগে,"{price,   negative},  {food,   positive}",Fuchka is expensive but fun to eat
177,বাজে খাবার এবং বাজে সার্ভিসিং।,"{food,  negative},  {service,   negative}",Bad food and bad service.
178,বাজে খাবার এবং অলস কর্মচারী সব।,"{food,  negative},  {service,   negative}",Bad food and lazy staff all.
179,বুফেতে খাবারের সংখ্যা অনেক বেশি ছিলো কিন্তু দাম সেই তুলনায় কমই।,"{miscellaneous,   positive},  {price,   positive}",The number of food in the buffet was very high but the price was less than that.
180,বাসমতি চালটা কেনো জানি পানসে লাগছিলো কিন্তু বাকি সবকিছু ভালো ছিলো।,"{food,  negative},  {miscellaneous,   positive}",I don't know why the basmati rice looked bad but everything else was good.
181,খাবারের স্বাদ অনেক বেশি ভালো হয়েছে এবং খাবারের পরিবেষন আগের থেকে অনেক বেশি ভালো হয়েছে।,"{food,   positive},  {service,   positive}",Food tastes much better and food environment is much better than before.
182,একেবারে অথেন্টিক টেস্ট খাবার কিন্তু দাম মোটামুটি।,"{food,   positive},  {price,   neutral}",Very authentic tasting food but reasonably priced.
183,কেকের দাম অতুলনীয় কিন্তু দামও বেশি অন্যান্য জায়গা থেকে।,"{food,   positive},  {price,   negative}",The price of the cake is unmatched but also more expensive than other places.
184,কালাভুনা বেশি রান্নার জন্য একদম জলে গেছে এমন লাগছে এবং তারা সার্ভ করতেও অনেক বেশি সময় নিয়েছে।,"{food,  negative},  {service,   negative}",The kalavuna seems to have been watered down for over cooking and they also took too long to serve.
185,দোকানের পরিবেশ সাধারন কিন্তু সার্ভিস খুব ভালো দিয়েছে ।,"{ambiance,  neutral},  {service,   positive}",The environment of the shop is normal but the service is very good.
186,বুফেতে থাকা খাবারগুলা ভালোই কিন্তু সময়সীমা একটু বেশিই কম ছিলো খাওয়ার।,"{food,   positive},  {miscellaneous,   negative}",The food in the buffet was good but the time limit was a bit too short to eat.
187,মাটনের চাপ্টা জিভে লেগে থাকার মত এবং দামটাও রিসোনেবল ছিলো।,"{food,   positive},  {price,   positive}",The mutton chapata was mouthwatering and the price was reasonable.
188,রেস্টুরেন্টের ডেকোরেশন আগে থেকে ভালো হয়েছে ঠিকই কিন্তু সব খাবারের দামতো একটু বেশি বেড়ে গেছে।,"{ambiance,  positive},  {price,   negative}","The decoration of the restaurant is better than before, but the price of all the food has increased a bit."
189,খাবারের স্বাদ ভালই ছিলো কিন্তু দামের ব্যাপারে আরেকটু রিসোনেবল হলে ভালো হত।,"{food,   positive},  {price,   negative}",The taste of the food was good but it would have been better if the price was a little more reasonable.
190,রেস্টুরেন্টের খাবারের কোয়ালিটি সাধারন কিন্তু অনেক ভালোভাবে সার্ভিস দিতে জানে।,"{food,   neutral},  {service,   positive}",The food quality of the restaurant is average but they know how to provide very good service.
191,রাস্তার স্ট্রিট ফুডগুলোর মতই সাধারন স্বাদ কিন্তু দামটা বেশি।,"{food,   neutral},  {price,   negative}","The taste is similar to street food, but the price is higher."
192,সার্ভ করতে অনেক বেশি সময় লেগেছে তাদের কিন্তু  স্বাদ নিয়ে কোন অভিযোগ ছিলো না আমাদের।,"{service,   negative},  {food,   positive}",They took a long time to serve but we had no complaints about the taste.
193,এতোক্ষন অপেক্ষা করলাম ঠিকই কিন্তু ভালো কোয়ালিটির খাবার  পেলাম না এই রেস্টুরেন্টে।,"{service,   negative},  {food,  negative}","I waited so long, but I didn't get good quality food in this restaurant."
194,দাম বেশি ছিলো কিন্তু পিজ্জাটি খেয়ে সবাই মজা পেয়েছে।,"{price,   negative},  {food,   positive}",The price was high but everyone enjoyed the pizza.
195,ব্যবহার ভালো ছিলো কিন্তু খাবারের মানে তাদেরকে আরো বেশি খেয়াল করতে হবে।,"{service,   positive},  {food,  negative}",The use was good but the food meant they had to pay more attention.
196,খাবারের মান ভালো কিন্তু দাম বেশি ।,"{food,   positive},  {price,   negative}",Food quality is good but price is high.
197,অর্ডার এবং পেয়মেন্টসহ সব কাজেই ডিজিটাল সিস্টেম ব্যবহার হচ্ছে এই রেস্টুরেন্টে কিন্তু  সার্ভিসিং খারাপ হচ্ছে।,"{miscellaneous,   positive},  {service,   negative}",Digital system is being used for all functions including order and payment in this restaurant but the service is getting worse.
198,খাবারগুলো টেস্টি ছিলো কিন্তু অনেক্ষন অপেক্ষা করতে হয়েছে যদিও।,"{food,   positive},  {service,   negative}",Food was tasty but had to wait a long time though.
199,আইস্ক্রিমগুলো মোটামুটি কিন্তু দাম অনেক বেশি।,"{food,   neutral},  {price,   negative}",The ice creams are decent but overpriced.
200,এখানের দই ফুচকাটা ভালো লাগ্লো এবং দামও মোটামুটি রেঞ্জের ভিতরই।,"{food,   positive},  {price,   neutral}",The curd puffs here are good and the price is quite within the range.
201,দই ফুচকা খাইতে বাজে এবং দাম এত্তো বেশি,"{food,  negative},  {price,   negative}",Yogurt is bad to eat and the price is so high
202,খাবার সব ঠিকঠাক এবং দামও রিসোনেবল।,"{food,   positive},  {price,   positive}",The food is all good and the price is reasonable.
203,এতো স্লো সার্ভিসিং এ রেস্টুরেন্ট চলে কিভাবে বুঝছি না কিন্তু এখানের পরিবেশটা যদিও অতটা মন্দ না।,"{service,   negative},  {ambiance,  neutral}","I don't understand how the restaurant runs with such slow service, but the atmosphere here is not that bad."
204,সার্ভিস একটু বেশিই ভালো ছিলো এবং পরিবেশ সাদামাটা ।,"{service,   positive},  {ambiance,   positive}",The service was a little better and the atmosphere was simple.
205,কারন স্বাদ ভালো এবং সার্ভিসিং  ভালো সেখানে।,"{food,   positive},  {service,   positive}",Because the taste is good and the service is good there.
206,কাচ্চির স্বাদ আসলেই ভুলার মত না কিন্তু দাম অনেক বেশি।,"{food,   positive},  {price,   negative}",The taste of Kachchi is really unforgettable but the price is very high.
207,খাসির রেজালা শুধু নামেই আছে স্বাদে কিছু পেলাম না এবং তাই মনে হচ্ছে দাম কম এখানে।,"{food,  negative},  {price,   positive}",Khasir Rezala is only in name but I didn't get anything in taste and so it seems the price is low here.
208,বার্গার অনেক টেস্টিও ছিলো এবং দামও তেমন বেশি লাগ্লো না।,"{food,   positive},  {price,   neutral}",The burgers were very tasty and not too expensive.
209,পরিচ্ছন্নতাটা অনেক বেশি খেয়াল করা হয় এই রেস্টুরেন্টে এবং পরিবেশও অনেক মুগ্ধকর।,"{ambiance,   positive},  {ambiance,  positive}",Cleanliness is very much taken care of in this restaurant and the ambience is also very charming.
210,আজকে একটা রিসোনেবল  রেস্টুরেন্ট পেলাম এবং খাবারের মানও ভালো।,"{price,   positive},  {food,   positive}",Today I found a reasonable restaurant and food quality is good.
211,কুমিল্লার রসমালাই এর ব্যাপারই আলাদা এবং দামও মোটামুটি।,"{food,   positive},  {price,   neutral}",Comilla's rasmalai is different and the price is reasonable.
212,মেন্যু খুবই ব্যালেন্সড করে বানানো হয়েছে ঠিকই কিন্তু  দাম একটু বেশি মনে হলো।,"{miscellaneous,   positive},  {price,   negative}",The menu is well balanced but the price seems a bit high.
213,স্বাদ বাজে আর সার্ভিস আরো বাজে।,"{food,  negative},  {service,   negative}",The taste is bad and the service is even worse.
214,প্যানপিজ্জাটা খেয়ে বেশি তৃপ্তি পেলাম না কিন্তু দাম যদিও এটার বেশি ছিলো না।,"{food,   negative},  {price,   neutral}",I was not satisfied with the pan pizza but the price was not too much.
215,বার্গারের দাম বেড়েছে ঠিকই কিন্তু  খাবারের কোয়ালিটি নেমে গেছে।,"{price,   negative},  {food,  negative}","Sure, the price of burgers has gone up, but the quality of the food has gone down."
216,রেস্টুরেন্টের চারপাশের অবস্থা খুবই বাজে এবং খাবারের মানও তেমন ভালো না।,"{ambiance,  negative},  {food,  negative}",The environment around the restaurant is very bad and the quality of the food is not that good.
217,খাবার সব থেকে এখানেই ভালো লাগ্লো এবং দামও সাধারনই ছিলো।,"{food,   positive},  {price,   neutral}",The food here was the best and the price was reasonable.
218,বিরিয়ানিতে বাসমতি চালের ব্যবহার স্বাদ বাড়িয়ে দিয়েছে এবং দাম বাড়িয়ে দিয়েছে।,"{food,   positive},  {price,   negative}",The use of basmati rice in biryani has enhanced the taste and increased the price.
219,অনেক কম্বিনেশন ছিলো মেন্যুতে এবং দামও মোটামুটি।,"{miscellaneous,   positive},  {price,   neutral}",There were many combinations on the menu and the prices were reasonable.
220,খাবারের মান কাস্টমার রা খুশি এবং দামেও খুশি।,"{food,   positive},  {price,   positive}",Customers are happy with the food quality and also happy with the price.
221,খাবারের মান কাস্টমার রা খুশি  না এবং দামেও খুশি না।,"{food,  negative},  {price,   negative}",Customers are not happy with the food quality and also not happy with the price.
222,১৫০ টাকাতে কিভাবে সেট মেন্যু পাওয়া যায় বিশ্বাস হচ্ছে না এবং টেস্টও খারাপ না।,"{price,   positive},  {food,   neutral}",Can't believe how you can get a set menu for 150 taka and the test is not bad either.
223,পরিবেশ ভালো হয়েছে এবং সার্ভিস আগে থেকে অনেক ভালো হয়েছে।,"{ambiance,  positive},  {service,   positive}",The atmosphere is better and the service is much better than before.
224,শুধু টাকাই খরচ করা যায় খাবারের পিছনে কিন্তু তা খেয়ে মন আর পেট কোনটাই ভড়ে না।,"{price,   negative},  {miscellaneous,  negative}",Only money can be spent on food but eating it does not fill the mind or stomach.
225,এখানে খাবারের দাম দেখে হতাশ হয়নি এবং স্বাদেও খুশি।,"{price,   positive},  {food,   positive}",Wasn't disappointed by the price of the food here and happy with the taste too.
226,মাংসের আইটেমে শুধু চর্বি আর চর্বি কিন্তু দাম ঠিকই বেশি নিচ্ছে।,"{food,  negative},  {price,   negative}",Meat items are just fat and fat but the price is just too high.
227,বাশি খাবার এবং বাজে পরিবেশ নিয়ে কিভাবে যে তারা রেস্টুরেন্ট চালাচ্ছে আল্লাহ জানেন।,"{food,  negative},  {ambiance,  negative}",God knows how they run the restaurant with stale food and bad environment.
228,খাবারের কোয়ালিটি ভালো কিন্তু দক্ষ কর্মচারীর অভাবে ভুগছে রেস্টুরেন্টা।,"{food,   positive},  {miscellaneous,   negative}",The quality of food is good but the restaurant suffers from lack of skilled employees.
229,জীবনে এতো ফ্রেন্ডলি ওয়েটারদের দেখা পাই নাই এবং তাদের খাবারের মানও মন্দ না।,"{service,   positive},  {food,   neutral}",I have never seen such friendly waiters in my life and the quality of their food is not bad.
230,কর্মচারী বেশি নিয়োগ দিলে লাভ কি যদি খাবারের স্বাদ  ভালো না থাকে।,"{miscellaneous,  negative},   {food,  negative}",What's the point of hiring more employees if the food doesn't taste good.
231,কর্মচারী বেশি নিয়োগ দিলে লাভ কি যদি খাওয়ার পরিবেশ ভালো না থাকে।,"{miscellaneous,  negative},  {ambiance,  negative}",What is the benefit of hiring more employees if the eating environment is not good?
232,এদের সার্ভিস এত্তো খারাপ আর খাবার তো আরো বাজে।,"{service,   negative},  {food,  negative}",Their service is so bad and the food is even worse.
233,প্রতি আইটেমের দাম অনেক বেশি কিন্তু আমার কাছে এক্টারও স্বাদ ভালো লাগ্লো না।,"{price,   negative},  {food,  negative}",The price of each item is high but I didn't like the taste of each item.
234,সুন্দর পরিবেশ এবং ভালো মানের খাবার খাওয়ার জন্য এই রেস্টুরেন্টটা রিকমেন্ড করছি সবাইকে।,"{ambiance,  positive},  {food,   positive}",I recommend this restaurant to everyone for a nice environment and good quality food.
235,সার্ভিসিং স্লো এবং আইটেমও বাজে।,"{service,   negative},  {food,   negative}",Servicing is slow and items are also bad.
236,পরিবেশ ভালো ঠিকই কিন্তু  লোকেশন মার্কেটের অনেক ভিতরে।,"{ambiance,  positive},  {miscellaneous,   negative}",The environment is ok but the location is very inside the market.
237,ওয়েটারগুলো খুব ফাস্ট রিফিল দিচ্ছিলো এবং খাবারের স্বাদটাও একটু অন্যরকম ছিলো।,"{service,   positive},  {food,   positive}",The waiters were giving very fast refills and the food tasted a little different.
238,দামও রিসোনেবল এবং খাবারও ভালো।,"{price,   positive},  {food,   positive}",The prices are reasonable and the food is good.
239,আইটেমগুলো দেখে ভালো লাগ্লো না এবং কর্মচারীদের ব্যবহারও খারাপ।,"{food,   negative},  {service,   negative}",The items are not nice to look at and the behavior of the staff is also bad.
240,কর্মচারীরা তাদের কাজ নিয়ে বেশি সিরিয়াস এবং পরিবেশও ভালো এখানের।,"{service,   positive},  {ambiance,  positive}",The employees are more serious about their work and the environment is good here.
241,স্ট্রিট ফুডের মান এতো ভালো হবে কল্পনা করিনি এবং দামও কম।,"{food,   positive},  {price,   positive}",I never imagined the quality of street food to be so good and the price is so low.
242,নুডলসের মধ্যে অনেক বেশি তেল হয়ে গেছে লাগছে কিন্তু বাকিসবকিছু ঠিক আছে।,"{food,  negative},  {miscellaneous,   positive}",The noodles seemed too oily but everything else was fine.
243,দাম বেশি ঠিকই কিন্তু এর থেকে রাস্তার মামাদের চাওমিন বেশি ভালো লাগে আমার কাছে।,"{price,   negative},  {food,  negative}","The price is right, but I like the chaomin of street uncles better than this."
244,এর জন্য দাম বেশি করে নিলো কিন্তু স্বাদ একদম ভালো ছিলো না।,"{price,   negative},  {food,  negative}",The price was high for this but the taste was not good at all.
245,এতো রিসোনেবল দাম এবং ভালো স্বাদের পান্তা খেয়ে বৈশাখের আনন্দটাই বেড়ে গেলো।,"{price,   positive},  {food,   positive}",The joy of Baisakh increased by eating panta at such a reasonable price and good taste.
246,কম দামী খাবার যে ভালো হতে পারে তা কিন্তু এ রেস্টুরেন্টের খাবার খেয়ে বোঝা গেলো।,"{price,   positive},  {food,   positive}",It was understood that the less expensive food can be good but eating the food of this restaurant.
247,তেহারীতে মাংসের পরিমান অনেক বেশি ছিলো এবং সেই তুলনায় দাম এতো বেশি ছিলো না।,"{food,   positive},  {price,   positive},  ",The quantity of meat in Tehari was very high and the price was not so high in comparison.
248,খুবই প্রফেশনালি কাজগুলো আগাচ্ছে চারদিকে কর্মচারীরা এবং খাবারের মানও বেশ ভালো।,"{service,   positive},  {food,   positive}",Very professional work done by staff all around and food quality is also very good.
249,কাবাবে মাংস এর কোয়ালিটি বাজে ছিলো এবং ওয়েটারদের কাজও অনেক স্লো ছিল।,"{food,  negative},  {service,   negative}",The quality of the kebab meat was poor and the waiters were very slow.
250,এতো কম দামে এবং স্বাদও অস্থির।,"{price,   positive},  {food,   positive}",So cheap and the taste is amazing.
251,শিক কাবাবগুলো খেতে মজা কিন্তু যেই পরিবেশে বানানো হচ্ছিলো তা বেশি পরিচ্ছন্ন লাগ্লো না।,"{food,   positive},  {ambiance,  negative}",The shik kebabs are fun to eat but the environment in which they are being prepared is not very clean.
252,ভালো মানের খাবার এবং ভালো পরিবেশের জন্য খুব তাড়াতাড়ি রেস্টুরেন্টটি নাম করে ফেলেছে।,"{food,   positive},  {ambiance,  positive}",The restaurant has quickly earned a name for its good quality food and good ambience.
253,কর্মচারীদের গায়ে অলসতা আছে তা সার্ভিস দেখেই বুঝা যাচ্ছে এবং পরিবেশও মোটামুটি।,"{service,   negative},  {ambiance,  neutral}",The employees have laziness in their service and the atmosphere is also fair.
254,প্রফেশনালিজমের অভাব কর্মচারীদের মাঝে এবং খাবারের দামও অনেক বেশি।,"{service,   negative},  {price,   negative}",Lack of professionalism among the staff and food prices are too high.
255,"যদিও স্বাদ ভালো ,  আরো কম দাম হওয়া উচিত ছিল।","{food,   positive},  {price,   negative}","Although the taste is good, the price should have been lower."
256,ডেকোরেশন অনেক আলাদা ছিলো এবং পরিবেশও অনেক জোস ছিল।,"{ambiance,   positive},  {ambiance,  positive}",The decoration was very different and the atmosphere was very lively.
257,রেস্টুরেন্টের পরিবেশটা ভালো এবং তাই মনে হচ্ছে খাবারের দাম এতো বেশি।,"{ambiance,  positive},  {price,   negative}",The ambience of the restaurant is good and that's why the food prices seem so high.
258,ভালো কোন আইটেম দেখলাম না এবং কর্মচারীরাও ভালোভাবে কথার রেসপন্স করছিলো না।,"{food,   negative},  {service,   negative}",Didn't see any good items and the employees were not responding well.
259,অল্প টাকায় পেট ভড়ে খাওয়া গেলো এখানে এবং সার্ভিসও অনেক ভালো।,"{price,   positive},  {service,   positive}",You can eat here for a small amount of money and the service is also very good.
260,ভর্তা এর দাম যে এতো বেশি হতে পারে ভাবিনি কোনদিন কিন্তু স্বাদ যদিও ভালো ছিল।,"{price,   negative},  {food,   positive}",I never thought that the price of bharta could be so high but the taste was good.
261,মেন্যুতে বাংলা খাবারের কোন আইটেম নাই কিন্তু দাম অনেক কম লাগছে।,"{miscellaneous,   negative},  {price,   positive}",There is no Bengali food item in the menu but the price seems very low.
262,কম টাকা খরচ করে পেট ভড়ে খাওয়ার মত একটা রেস্টুরেন্ট এবং লোকেশনও অনেক ভালো।,"{price,   positive},  {miscellaneous,   positive}",A restaurant and location is also very good to eat a full stomach with less money.
263,এখানে দাম কম কিন্তু খাবারের মান ভালোই।,"{price,   positive},  {food,   positive}",The prices here are low but the quality of the food is good.
264,মিনি চাইনিজ সেটে অনেক বেশি অপশন আছে এবং দামও কম।,"{miscellaneous,   positive},  {price,   positive}",Mini Chinese sets have more options and lower prices.
265,ডেসার্ট এর মান মোটামুটি এবং দাম একটু বেশি সেই তুলনায়।,"{food,   neutral},  {price,   negative}",The quality of the dessert is fair and the price is a bit high compared to that.
266,থাই খাবারের আইটেমগুলার স্বাদ অস্থির এবং পরিবেষন অনেক বেশি অস্থির।,"{food,   positive},  {miscellaneous,   positive}",The taste of Thai food items is volatile and the ambience is much more volatile.
267,রেস্টুরেন্টের খাবারের দাম বেশি ছিল কিন্তু তার সাথে সাথে খাবারের মানও ভালো ছিল।,"{price,   negative},  {food,   positive}",The price of the restaurant food was high but at the same time the quality of the food was good.
268,মাওয়া ঘাটের ইলিশের স্বাদই আলাদা কিন্তু দাম যদিও একটু বেশি।,"{food,   positive},  {price,   negative}",Hilsa from Mawa Ghat has a different taste but the price is a bit higher.
269,আমার লাইফের খাওয়া সেরা বোরহানী এবং দামও ওত বেশি না।,"{food,   positive},  {price,   positive}",Best borhani in my life and not too expensive.
270,খাবারের দাম কম কিন্তু খাবারের কোয়ালিটি এর দিকে আরেকটু নজর দেবার দরকার আছে।,"{price,   positive},  {food,  negative}",The price of food is low but the quality of food needs to be looked at.
271,কালাভুনাতে মশলা অনেক বেশি ছিল এবং দামও অনেক বেশি ছিল।,"{food,  negative},  {price,   negative}",Kalavuna had too many spices and the prices were too high.
272,খাবারের মান ভালো থাকার সাথে সাথে কিন্তু রেস্টুরেন্টের পরিবেশও বেশ ভালো ছিল।,"{food,   positive},  {ambiance,  positive}","While the quality of the food was good, the ambience of the restaurant was also quite good."
273,অনেক ভালো খাবার এবং দামও অনেক কম।,"{food,   positive},  {price,   positive}",Very good food and very low price.
274,"সার্ভিস ও বাজে ,  খাবারের অবস্থা আরোঅনেক বাজে।","{service,   negative},  {price,   negative}","The service is also bad, the condition of the food is even worse."
275,মামারা অনেক তাড়াতাড়ি সার্ভ করে এবং খাবারের মানও ভালো।,"{service,   positive},  {food,   positive}",Mamara serves very fast and food quality is good.
276,ভালো জায়গা এটি এবং পরিবেশও মোটামুটি।,"{ambiance,   positive},  {ambiance,  neutral}",It's a good place and the environment is decent.
277,সেরা জায়গা এটা এবং এখানে দামও অনেক রিসোনেবল খাবারের।,"{ambiance,   positive},  {price,   positive}",This is the best place and the food is very reasonably priced.
278,ডেলিভারি অনেক ভালো ছিল কিন্তু খাবারের মান মোটামুটি ছিল।,"{service,   positive},  {food,   neutral}",Delivery was very good but food quality was average.
279,খাবারের কোয়ালিটি ভালো কিন্তু দামটা আরেকটু রিসোনেবল করলে ভালো হয়।,"{food,   positive},  {price,   negative}",The quality of the food is good but the price is a little more reasonable.
280,রেস্টুরেন্ট পরিচালনার পদ্ধতিটা ভালো না কিন্তু খাবারের মান অনেক ভালো।,"{miscellaneous,   negative},  {food,   positive}",The management of the restaurant is not good but the food quality is very good.
281,খাবারের স্বাদ ভালো ছিল কিন্তু দমবন্ধ হওয়া পরিবেশ ছিল রেস্টুরেন্টে।,"{food,   positive},  {ambiance,  negative}",The food tasted good but the atmosphere was stuffy in the restaurant.
282,মেন্যুতে বাচ্চাদের অপশনগুলো ভালো ছিল কিন্তু পরিবেশ ভালো নেই।,"{miscellaneous,   positive},  {ambiance,  negative}",The kids options in the menu were good but the ambience was not good.
283,স্বাদের কিছুটা ভিন্নতা ছিল এবং কর্মচারীরা অনেক সতর্ক ছিল।,"{food,   positive},  {service,   positive}",The taste was slightly different and the staff were very attentive.
284,খাবারের মান ভালো এবং পাশাপাশি মিউসিকেরও ভালো ব্যবস্থা আছে এখানে।,"{food,   positive},  {miscellaneous,   positive}",Food quality is good and music is also good here.
285,সেরা রেস্টুরেন্ট এবং সার্ভিস একদম একের ছিল।,"{miscellaneous,   positive},  {service,   positive}",The best restaurant and the service was the same.
286,খাবার অনেক বাজে ছিল এবং রেস্টুরেন্টের অবস্থাও খারাপ ছিলো।,"{food,  negative},  {ambiance,  negative}",The food was very bad and the condition of the restaurant was also bad.
287,তেমন কোন অতিরিক্ত ডেকোরেশন নেই এবং সার্ভিসও মোটামুটি।,"{ambiance,   neutral},  {service,   neutral}",There is no extra decoration and the service is decent.
288,এখানের রাজকাচুরি এর দাম অনেক কম এবং স্বাদ অসাধারন।,"{price,   positive},  {food,   positive}",Rajkachuri here is very cheap and tastes amazing.
289,রাজকাচুরিতে দইটা ভালো ছিল না এবং  দাম অনেক বেশি ছিলো।,"{food,  negative},  {price,   negative}",The curd in Rajkachuri was not good and the price was very high.
290,পিঠাঘরের পিঠার মান কমে গেছে কিন্তু দাম আগের মতই আছে।,"{food,  negative},  {price,   neutral}",The quality of pies in pithagars has gone down but the prices remain the same.
291,তাদের খাবারের মান বাজে এবং সার্ভিস আর আগের মত ভালো না।,"{food,  negative},  {service,   negative}",Their food quality is bad and service is not as good as before.
292,এখানের অফারগুলা অনেক ভালো এবং সাথে পরিবেশও খুব সুন্দর ।,"{miscellaneous,   positive},  {ambiance,  positive}",The offers here are very good and the environment is also very nice.
293,ফাটাফাটি স্বাদ এবং দামও বাজেটের মাঝেই।,"{food,   positive},  {price,   positive}",Delicious taste and price within budget too.
294,নান-রুটিগুলা আগের থেকে ভালোই মোটা হইসে এবং দামও বাড়েনি।,"{food,   positive},  {price,   neutral}",Breads are thicker than before and prices have not increased.
295,নাচোসগুলার ক্রিস্পের ভক্ত হয়ে গেলাম এবং দামও ভালো।,"{food,   positive},  {price,   positive}",Became a fan of the crispness of the nachos and the good price.
296,কখনোই এদের ফ্রেঞ্চ ফ্রাইগুলা ভালো মত ভাজা পেলাম না কিন্তু দাম একটাকাও কম রাখে না।,"{food,  negative},  {price,   negative}",I have never found their french fries to be good but the prices are not cheap.
297,দাম আগের মতই আছে কিন্তু স্বাদ আগের থেকে অনেক বেশি বেড়েছে আশ্চর্যজনকভাবে।,"{price,   neutral},  {food,   positive}",The price is the same as before but the taste has increased surprisingly.
298,দাম অনেক বেশি কম এবং অসাধারন ডিম খিচুরি খেতে পারলাম।,"{price,   positive},  {food,   positive}",The price was very low and I was able to eat amazing egg khichuri.
299,পিয়াজের ভর্তাটা ঝাল ছিলো এবং  আলাদা করে দামও দেয়া লাগেনি।,"{food,   positive},  {price,   positive}",The onion filling was salty and not worth paying separately.
300,খাবারগুলো বেশ  ভালো কিন্তু রেস্টুরেন্টের পরিবেশটা অসহ্য লাগছে।,"{food,   positive},  {ambiance,  negative}",The food is good but the atmosphere of the restaurant is unbearable.
301,প্রতিটা খাবারের দাম অনেক বেশি এবং কারন আমার মনে হচ্ছে এখানে ক্যান্ডেল লাইট ডিনার এর ব্যবস্থা আছে তাই।,"{price,   negative},  {miscellaneous,   positive}",Each dish is very expensive and because I think there is a candle light dinner.
302,বার্গারটি বিশ্রী ছিল এবং ডেলিভারিতেও অনেক সময় লাগাইসে।,"{food,  negative},  {service,  negative},  ",The burger was awkward and the delivery took too long.
303,বাংলা খাবার দিয়ে মেন্যু ভর্তি যেটা আমার অনেক ভালো লেগেছে এবং দামও মোটামুটি।,"{miscellaneous,   positive},  {price,   neutral}",The menu is full of Bengali food which I like very much and the prices are reasonable.
304,অক্টোপাসের দাম অনেক বেশি কিন্তু স্বাদের দেখা পেলাম না কোনো।,"{price,   negative},  {food,  negative}",The price of octopus is very high but I did not find any taste.
305,শিক কাবাব বানানোর শিকগুলা অনেক বেশি পরিষ্কার ছিলো এবং স্বাদ ফাটাফাটি ছিলো।,"{miscellaneous,  positive},  {food,   positive}",The shik kababs were very clean and the taste was crispy.
306,পরিবেশ ভালো কিন্তু খাবারের দাম অনেক বেশি।,"{ambiance,  positive},  {price,   negative}",The environment is good but the food is expensive.
307,কারন স্বাদ একদম মুখের কানায় কানায় লেগে আছে এবং দামও কম।,"{food,   positive},  {price,   positive}",Because the taste is mouth-watering and the price is low.
308,গরু মাংসগুলা এতো নরম আর জুসি ছিলো যে বলে বুঝাতে পারবো না কিন্তু দাম যদিও বেশি ছিলো।,"{food,   positive},  {price,   negative}",The beef was so soft and juicy that I can't explain it but the price was high.
309,স্টেক-হাউসে স্টেকের পাশাপাশি অন্য আইটেমও যোগ করা হইসে এবং দামও রিসোনেবল।,"{miscellaneous,   positive},  {price,   positive}",Steak-houses add other items besides steak and the prices are reasonable.
310,রেস্টুরেন্টে বটের আইটেম দেখতে পারবো বিশ্বাস হচ্ছে না কিন্তু দামটা যদিও একটু বেশি।,"{miscellaneous,   positive},  {price,   negative}",I can't believe that I can see bot items in the restaurant but the price is a bit high though.
311,এরজন্যই স্বাদটা একটু আলাদা হয়েছে এবং দামও সাধারন খিচুরি-ডিমের মতই।,"{food,   positive},  {price,   neutral}",That's why the taste is slightly different and the price is same as normal khichuri-egg.
312,খাবারের দাম এম্নেই বেশি এবং তারপর ভ্যাটের পরিমান অন্যান্য রেস্টুরেন্ট থেকে বেশি মনে হলো আমার কাছে।,"{price,   negative},  {miscellaneous,   negative}",The price of the food is so high and then the amount of VAT seems more than other restaurants to me.
313,মোটামুটি সার্ভিস দিয়েছে কিন্তু তাদের খাবারের স্বাদ অনেক ভালো ছিলো।,"{service,   neutral},  {food,   positive}",Gave fair service but the taste of their food was very good.
314,তার স্বাদ মোটামুটি ছিলো কিন্তু দাম ১০০০ টাকা যা একটু বেশি।,"{food,   neutral},  {price,   negative}",Its taste was decent but the price was 1000 rupees which was a bit high.
315,টাকি মাছের ভর্তা এর দাম ১০ টাকা হলেও স্বাদ  খুবই জোস।,"{price,   positive},  {food,   positive}",The price of Taki Fish Bharta is 10 Tk but the taste is very strong.
316,ইলিশ মাছের লেজের ভর্তার দামও কম ছিলো এবং স্বাদ মোটামুটি ছিলো।,"{price,   positive},  {food,   neutral}",The price of Hilsa fish tail filling was also low and the taste was decent.
317,রেস্টুরেন্টের খাবারের কোয়ালিটি ভালো কিন্তু বসার জায়গা খারাপ।,"{food,   positive},  {ambiance,  negative}",Restaurant food quality is good but seating is bad.
318,খাবারের মান একদম বাজে ছিলো কিন্তু রেস্টুরেন্টটা অনেক বেশি ব্যয়বহুল ছিলো।,"{food,  negative},  {price,   negative}",The quality of the food was very bad but the restaurant was very expensive.
319,দাম এতো বেশি ছিলো যে বলার মত না এবং খাবারের মান খারাপের কাতারেও আসে না।,"{price,   negative},  {food,  negative}",The prices were too high to say the least and the quality of the food was not bad.
320,চুই-ঝালের মশলা ভালো করে ব্যবহার করা হয়নি মনে হচ্ছে এবং পরিবেশও বেশি ভালো না।,"{food,  negative},  {ambiance,  negative}",Chui-Jhal spice seems not well used and the atmosphere is not very good.
321,জীবনে খাওয়া সব থেকে সেরা ফিন্নি এবং দামও অনেক কম।,"{food,   positive},  {price,   positive}",The best finny you will ever eat and the price is very low too.
322,হাওয়াই মিঠাইটা অনেক বেশি মিষ্টি ছিলো এবং খুব তাড়াতাড়ি কাস্টমারদের সার্ভিস দেয়া হচ্ছিলো সেখানে।,"{food,   positive},  {service,   positive}",The Hawaiian sweets were much sweeter and the customers were served very quickly.
323,সবকিছুই বেশি আধুনিক কিন্তু তবুও পরিবেশটা অনেকের পছন্দ হচ্ছে না।,"{miscellaneous,   positive},  {ambiance,  negative}",Everything is more modern but still the atmosphere is not liked by many.
324,লুচিগুলো ভালো করে তৈরি করা হয়নি এবং গরুর চাপের দামও অনেক বেশি ছিল।,"{food,  negative},  {price,   negative},  ",The luchis were not well made and the cost of cow stress was high.
325,বানিজ্যমেলার রেস্টুরেন্টগুলার খাবারের দাম বেশি  এবং মান অনেক বেশি বাজে।,"{price,   negative},  {food,  negative}",The food prices in the restaurants in the trade fair are high and the quality is very bad.
326,তারা সার্ভিস অনেক ভালো করতে পেরেছে কিন্তু খাবারের মানের তেমন পরিবর্তন হয়নি।,"{service,   positive},  {food,   neutral}",They have improved the service but the quality of the food has not changed much.
327,খাবারের কোয়ালিটিতে তারা নজর দিয়েছে ঠিকই কিন্তু সার্ভিসের কথা ভুলেই গেছে মনে হচ্ছে।,"{food,   positive},  {service,   negative}","They have paid attention to the quality of the food, but they seem to have forgotten about the service."
328,ঝাল ফ্রাই পোর্শন্টা অনেক জোস ছিলো এবং দামও সাধারন মানুষের বাজেটের ভিতর।,"{food,   positive},  {price,   positive}",The jhal fry portion was very juicy and the price was within the common man's budget.
329,বোয়াল মাছের মাথাটা অনেক বড় ছিলো এবং দাম ছিলো মাত্র ১৫০ টাকা।,"{food,   positive},  {price,   positive}",The head of Boal fish was very big and the price was only 150 taka.
330,ভাপা পিঠাতে গুড়ের পরিমান অনেক বেশি দেয়াতে স্বাদটা বেড়েছে এবং দামও মাত্র ৭ টাকা।,"{food,   positive},  {price,   positive}",Adding jaggery to Vapa Pitha has increased the taste and the price is only 7 rupees.
331,বেশিক্ষন অপেক্ষা করতে হচ্ছে না এবং স্বাদও অনেক ভালো।,"{service,   positive},  {food,   positive}",Doesn't take long to wait and tastes great too.
332,ভালো সার্ভিস দিসিলো এবং তাদের আইস্ক্রিমগুলোও টেস্টি ছিলো।,"{ambiance,  positive},  {food,   positive}",They provided good service and their ice creams were also tasty.
333,অনেককিছু ছিলো এবং কোয়ালিটিও মন্দ না।,"{miscellaneous,   positive},  {food,   neutral}",There was a lot and the quality wasn't bad.
334,খাবারের মান মোটামুটি কিন্তু ওয়েটারদের ব্যবহারের জন্য এতো বেশি মানুষের আনাগোনা এখানে।,"{food,   neutral},  {service,   positive}",The quality of the food is fair but there is too much traffic for the waiters to use.
335,রেস্টুরেন্টটা অনেক বেশি হাইফাই কিন্তু সবকিছুর দাম এতো কম কিভাবে হয় বুঝে পাচ্ছি না।,"{ambiance,  positive},  {price,   positive}",The restaurant is very hi-fi but I don't understand how the price of everything is so low.
336,এখানে খাবারের মান ভালো এবং দামও একটু বেশি।,"{food,   positive},  {price,   negative}",The quality of the food here is good and the price is a bit high.
337,অনলাইনে রেস্টুরেন্টের রিভিউ বাজে ছিলো কিন্তু আমার কাছে খাবারের মান ভালোই লাগ্লো।,"{miscellaneous,   negative},  {food,   positive}",The reviews of the restaurant online were bad but I found the quality of the food to be good.
338,ক্যারামেলের পুরাই আলাদা স্বাদ পাওয়া যাচ্ছে কফিতে এবং চারপাশের পরিবেশের জন্য স্বাদটা মনে হত আরো বেশি ভালো লাগছে।,"{food,   positive},  {ambiance,  positive}",The caramel tastes completely different in the coffee and the flavor seems to be better for the surroundings.
339,খাবারের আইডিয়াগুলা অনেক ইউনিক এখানের এবং দামও বেশি না।,"{miscellaneous,   positive},  {price,   positive}",The food ideas here are very unique and not too expensive.
340,খাবারের স্বাদ একেবারে বাজে বললেই চলে কিন্তু দামতো আকাশচুম্বী।,"{food,  negative},  {price,   negative}",The taste of the food is bad but the price is sky high.
341,এখানে খাবারের দাম অনেক কম এবং তাই ব্যাচেলরদের জন্য অনেক ভালো রেস্টুরেন্ট।,"{price,   positive},  {miscellaneous,   positive}",Food prices here are very low and hence very good restaurant for bachelors.
342,ছোলা বাটুরার ছোলাগুলা এক কথায় সেই হইসে এবং তাদের সার্ভিং অনেক দ্রুত ছিলো।,"{food,   positive},  {service,   positive}",Chhola Batura's chickpeas are just that and their serving was very fast.
343,জঘন্য খাবার এবং রেস্টুরেন্টের পরিবেশতো প্রচুর খারাপ।,"{food,  negative},  {ambiance,  negative}",Terrible food and restaurant environment is very bad.
344,আগেতো শুধু খাবারের মান বাজে ছিলো এবং এখন সার্ভিসও বাজে করে ফেলসে তারা।,"{food,  negative},  {service,   negative}",Earlier only the quality of food was bad and now the service is also bad.
345,অর্ডার স্লো নেয় এবং পরিবেশতো একটু বদ্ধ বদ্ধ লাগছে।,"{service,   negative},  {ambiance,  negative}",Orders take slow and the atmosphere feels a bit stuffy.
346,সব কর্মচারীদের দেখে অনেক প্রফেশনাল লেগেছিলো কিন্তু তাদের সার্ভিস এতোটা ভালো ছিলো না।,"{miscellaneous,   positive},  {service,   negative}",All the staff looked very professional but their service was not that good.
347,এখানে খেয়ে সুস্বাদুই লাগ্লো এবং দামও অল্প।,"{food,   positive},  {price,   positive}",The food here is delicious and the price is cheap.
348,এতো শক্ত মাংস কপালে আগে জুটে নাই এবং রেস্টুরেন্টের অবস্থাও নাজেহাল।,"{food,  negative},  {ambiance,  negative}",Such hard meat has never been eaten before and the condition of the restaurant is also bad.
349,এমন হয়রানির শিকার আগে কোন রেস্টুরেন্টে হতে হয়নি এবং খাবারের মানও বেশি ভালো ছিলো না।,"{service,   negative},  {food,  negative}",I have never experienced such harassment in any restaurant before and the quality of the food was not very good.
350,বাটার নানে বাটারের চিহ্নই পেলাম না কিন্তু বাকিসব কিছু ভালোই ছিলো।,"{food,  negative},  {miscellaneous,   positive}",I couldn't find any trace of butter in the butter naan but everything else was good.
351,ভালো সার্ভিস কাকে বলে আজকে এই রেস্টুরেন্টে এসে দেখলাম কিন্তু সবকিছুর দাম অনেক বেশি ছিল।,"{service,   positive},  {price,   negative}","I came to this restaurant today and saw what is called good service, but the price of everything was very high."
352,খাবারের মানের দিকে কোন খেয়াল নাই কিন্তু দাম ঠিকই বেশি বেশি করে নির্ধারন করেছে এরা।,"{food,  negative},  {price,   negative}","They don't pay any attention to the quality of the food, but they set the price too high."
353,রেস্টুরেন্টের ডেকোরেশন অনেক অনন্য এবং  সেরা পরিবেশ এখানে আছে বলে আমি মনে করি।,"{ambiance,  positive},  {miscellaneous,   positive}",The decoration of the restaurant is very unique and I think it has the best atmosphere.
354,কম কর্মচারী থাকলেও খুব ভালো সার্ভিসই দিচ্ছেন সবাইকে।,"{miscellaneous,   positive},  {service,   positive}","Although there are few employees, they are giving very good service to everyone."
355,রেস্টুরেন্টের নিয়ম কানুন বেশি ভালো লাগ্লো না এবং কর্মচারীদের ব্যবহারও বাজে ছিলো।,"{miscellaneous,   negative},  {service,   negative}",The rules of the restaurant were not very good and the behavior of the employees was also bad.
356,সব অকেজো কর্মচারী দিয়ে ভর্তি রেস্টুরেন্ট এবং ভালো পরিবেশেরও বড়ই অভাব।,"{service,   negative},  {ambiance,  negative}",Restaurant filled with all useless employees and good atmosphere is also sorely lacking.
357,খাবারের স্বাদ তুলনাহীন এবং চারদিকের পরিবেশও অনেক সুন্দর।,"{food,   positive},  {ambiance,  positive}",The taste of the food is unmatched and the surroundings are also very beautiful.
358,খাবারের দাম বেশি হলেও খাবারের মান অতটা মানানসই লাগ্লো না।,"{price,   negative},  {food,  negative}",The price of the food is high but the quality of the food is not so good.
359,রেস্টুরেন্টের পরিবেশটা একটু সেকেলে কিন্তু খাবারের স্বাদ জিভে লেগে থাকার মত।,"{ambiance,  neutral},  {food,   positive}",The atmosphere of the restaurant is a little old fashioned but the taste of the food sticks to the tongue.
360,খাবারের পরিমাণ কম এবং সার্ভিসের দিকে আরো বেশি মনোযোগী হওয়া উচিত।,"{food,  negative},  {service,   negative}",The quantity of food should be less and the focus should be more on service.
361,কফির দাম কম এটা মানলাম কিন্তু খাইতে যদি বাজে হই তাইলেতো ঝামেলা।,"{price,   positive},  {food,  negative}","I accept that the price of coffee is low, but if I eat badly, then it is a problem."
362,একেতো নকল রেস্টুরেন্ট এবং খাবারের দাম আসল জায়গার থেকে বেশি করে রাখচেন।,"{miscellaneous,   negative},  {price,   negative}",Some fake restaurants and food prices are higher than the original places.
363,চিকেন কর্ন স্যুপ এত্তো ঝাল কিন্তু রেস্টুরেন্টের পরিবেশ অনেক ভালো ছিলো।,"{food,  negative},  {ambiance,  positive}",The chicken corn soup was so salty but the atmosphere of the restaurant was very good.
364,স্টাফদের ব্যবহার খুবই অমায়িক এবং খাবারের মান চরম ছিলো।,"{service,   positive},  {food,   positive}",The behavior of the staff was very unprofessional and the quality of the food was exceptional.
365,আজকে খাবারের মান চলনসই কিন্তু দাম নিয়ে খুবই বাজে অভিজ্ঞতা হলো এই রেস্টুরেন্টে।,"{food,  negative},  {price,   negative}",Today the quality of food is acceptable but the price is very bad experience in this restaurant.
366,আমরা সবাই অনেক বেশি মুগ্ধ হয়েছি কিন্তু খাবারের দাম অনেক বেশি ছিলো।,"{miscellaneous,   positive},  {price,   negative}",We were all very impressed but the food was very expensive.
367,খাবারের দাম অন্যান্য আশেপাশের জায়গা থেকে কম কিন্তু খাইতে অনেক ঝাল।,"{price,   positive},  {food,  negative}",Food prices are lower than other nearby places but the food is very expensive.
368,মুরগি একদম পুড়ায়া ফেলসে এবং সার্ভিসও মোটামুটি বাজে ছিলো।,"{food,  negative},  {service,   negative}",The chicken was completely burnt and the service was pretty bad.
369,সুশিটার স্বাদ অত আহামরি ছিলো না কিন্তু রেস্টুরেন্টের পরিবেশটা এতো ভালো ছিলো যে আমি আবার যাবো সেখানে।,"{food,   neutral},  {ambiance,  positive}",The taste of the sushi was not that great but the atmosphere of the restaurant was so good that I would go there again.
370,১০০ টাকার ভিতরে শুধু হাফ তেহারিই পাইসি এবং তেহারিতে মাংস নাই বললেই চলে।,"{miscellaneous,   negative},  {food,  negative}","Within 100 taka, you can only get half tehari and no meat in tehari."
371,আমার সুশি এতো ভালো লাগে না কিন্তু  তাদের সার্ভিসে সন্তুষ্ট হয়েছি।,"{food,   negative},   {service,   positive}",I don't like sushi that much but I am satisfied with their service.
372,ফ্রেঞ্চ ফ্রাইটার স্বাদ সাধারন কিন্তু  পুরা আইটেমের দামটা বেড়ে গেছে আমার মনে হচ্ছে।,"{food,   neutral},  {price,   negative}",The french fries taste average but the whole item is overpriced I think.
373,মান ভালো কিন্তু পরিমান দামের তুলনায় অনেক কম।,"{food,   positive},  {price,   negative}",The quality is good but the quantity is very low compared to the price.
374,খাবারটা আমাদের সবার অনেক অনেক বেশি ভালো লেগেছে এবং দামও রেঞ্জের ভিতরেই ছিলো।,"{food,   positive},  {price,   positive}",We all really liked the food and the price was within the range.
375,খাবারের পরিমান মোটামুটি কিন্তু বিল দেখে আমার চোখে পানি এসে গেসিলো।,"{food,   neutral},  {price,   negative}",The amount of food is fair but the bill brought tears to my eyes.
376,তেহারীটা থেকে অনেক ভালো সরিষার একটা ঝাজ পাওয়া যাচ্ছে এবং দামও মাত্র ১০০ টাকা।,"{food,   positive},  {price,   positive}",A very good mustard is available from Teharita and the price is only 100 rupees.
377,রেস্টুরেন্টের পরিবেশটা অনেক বেশি রিফ্রেশিং এবং এখানের খাবারের দামও অনেক ভালো।,"{ambiance,  positive},  {price,   positive}",The atmosphere of the restaurant is very refreshing and the price of the food here is also very good.
378,মোরগ পোলাও এর ঝোলটা একদম খাপে খা এবং পরিবেশটা অনেক শান্ত ছিলো রেস্টুরেন্টের।,"{food,   positive},  {ambiance,  positive}",The broth of the chicken polao was absolutely delicious and the atmosphere was very calm in the restaurant.
379,জায়গাটা অনেক বেশি ক্লাসি কিন্তু ১০০ টাকার ভিতরে শুধু ১ টা আইটেমই আছে।,"{ambiance,  positive},  {price,   negative}",The place is very classy but there is only 1 item inside 100 taka.
380,ব্রাউনিটা অনেক বেশি নরম আর টেস্টি ছিলো এবং দামও মাত্র ১০০ টাকা।,"{food,   positive},  {price,   positive}",The brownie was very soft and tasty and the price was only 100 taka.
381,চিকন জিলাপিগুলা একদম রসে ভর্তি ছিলো কিন্তু দাম যদিও বাইরের হোটেলগুলা থেকে বেশি।,"{food,   positive},  {price,   negative}",The juicy jillapis were full of juice but the price was higher than the hotels outside.
382,দাম  অনেক বেশি হয় আসলে এবং স্বাদও রাস্তার হোটেলগুলো থেকে আহামরী ভালো না।,"{price,   negative},  {food,   neutral}",The prices are really high and the taste is not much better than the street hotels.
383,চিকেন সমুচাতে অবিশ্বাস্যভাবে চিকেনের পরিমান বেশি ছিলো এবং দামও আমার কাছে মোটামুটি লাগলো।,"{food,   positive},  {price,   neutral}",The amount of chicken in the chicken was incredibly high and the price seemed fair to me.
384,ডাল্পুড়িগুলা বেশি তৈলাক্ত ছিলো না কিন্তু দাম যদিও অনেক বেশি।,"{food,   positive},  {price,   negative}",The dalpuris were not too oily but the price was high.
385,পিয়াজুটা ছিলো অনেক বড় এবং দাম ছিলো মাত্র ৫ টাকা।,"{food,   positive},  {price,   positive}",The pizza was huge and cost only 5 rupees.
386,এর থেকে পরিষ্কার রেস্টুরেন্ট আমি আগে দেখি নাই এবং খাবারের পরিবেষনও ছিলো অন্যরকম।,"{ambiance,  positive},  {service,   positive}",I have never seen a cleaner restaurant and the food environment was different.
387,চিকেন মোগলাইটা ভালো ছিলো কিন্তু কোনভাবেই ১৫০ টাকার খাবারের কাতারের পরে না এটা।,"{food,  positive},  {price,  negative}",The Chicken Moghlaita was good but by no means a 150 rupee meal.
388,কাবাব আর লুচিটা একসাথে স্বাদে সাধারনই ছিলো বটে কিন্তু ৫০ টাকার হিসাবে অনেক ভালো ছিলো কম্বোটা।,"{food,   neutral},  {price,   positive}",Kebab and luchita together tasted normal but the combo was very good for 50 taka.
389,সবকিছুর গলাকাটা দাম এখানে এবং সার্ভিসও অনেক স্লো।,"{price,   negative},  {service,   negative}",Everything is very expensive here and the service is very slow.
390,রাবরি দিয়ে জিলাপি ট্রাই করতে চাইলে এখানে আসবেন সকলে এবং দামও খুবই কম।,"{food,   positive},  {price,   positive}",Everyone will come here if they want to try Jilapi with Rabri and the price is very low.
391,স্যুপের ডেনসিটিটা বেশি ছিলো এবং দাম মাত্র ৯০ টাকা।,"{food,   positive},  {price,   positive}",The density of the soup was high and the price was only 90 taka.
392,স্যুপের ভিতর কমবেশি ভালোই জিনিসপাতি ছিলো কিন্তু দামের তুলনায় পরিমানে অনেক কম ছিলো।,"{food,   positive},  {price,   negative}",There were more or less good ingredients in the soup but the quantity was very less compared to the price.
393,মেইন আর সাইড ডিশ দুটোই আমার অনেক ভালো লেগেছে এবং উনাদের সার্ভিসেও আমি অনেক খুশি হয়েছি।,"{food,   positive},  {service,   positive}",I liked both the main and side dishes and was also very happy with their service.
394,স্যুপের প্রতি প্লেট ৮০ টাকা কিন্তু ২ জন মানুষ একদম পেট ভড়ে তা খেতে পারবে যদি অন্য কোন সাইড ডিশ সাথে অর্ডার করে।,"{price,   positive},  {food,   positive}",80 taka per plate of soup but 2 people can eat it if they order any other side dish.
395,দাম একটু বেশি কিন্তু সেই তুলনায় পরিবেষনা ও পরিমান অনেক ভালো দেখাচ্ছে।,"{price,   negative},  {food,   positive}",The price is a bit high but compared to that the ambience and quantity looks very good.
396,আমার মনে হচ্ছে অনেক বেশি উন্নতি হইসে তাদের টাকোসটা এবং দামও এতো বেশি বাড়েনি আগের থেকে।,"{food,   positive},  {price,   neutral}",I feel like their tacos have improved a lot and the prices haven't gone up that much.
397,পিজ্জাতে অনেক বেশি টপিংস ছিলো যেটা স্বাদটাকে ধরে রাখসে কিন্তু উনাদের সার্ভিসে আমরা সকলে হতাশ।,"{food,   positive},  {service,   negative}",The pizza had too many toppings which kept the taste but we were all disappointed with their service.
398,তারা যথেষ্ট চেষ্টা করেছে ভালো সার্ভিস দেবার কিন্তু পরিবেশ বেশি বাজে হবার জন্য তাতে সফল হতে পারে নাই।,"{miscellaneous,   positive},  {ambiance,  negative}",They tried hard to provide good service but could not succeed due to bad environment.
399,আমার কাছে সবকিছু অনেক বেশি ভালো লেগেছে কিন্তু আমি এক নাম্বার কাটবো কারন বসার জায়গাটা বেশি আরামদায়ক না।,"{miscellaneous,   positive},  {ambiance,  negative}",I like everything very much but I will deduct a number because the seat is not very comfortable.
400,টাকোসের দাম আগের রেস্টুরেন্টটা থেকে বেশি কিন্তু পরিমানে কম দেয়াতে এরা মাইর খেয়ে গেলো।,"{price,   negative},  {food,  negative}",The price of the tacos is higher than the previous restaurant but they ate it because they paid less.
401,টাকোসের চিকেনটা বেশি মশলা দিয়ে রান্না করাতে ভাল লাগছে না এবং ফিলিংসগুলাও অতটা ভালো লাগ্লো না।,"{food,  negative},  {miscellaneous,   negative}",The chicken in the tacos was not overcooked and the fillings were not that good either.
402,দাম আসমান ছুয়ে গেছে কিন্তু স্বাদ মাটিরে নিচে চলে গেছে।,"{price,   negative},  {food,  negative}",The price has skyrocketed but the taste has gone down to earth.
403,সবকিছু মিলিয়ে হিসাব করলে ভালোই লেগেছে এবং স্বাদও একদম অথেন্টিক ছিলো।,"{miscellaneous,   positive},  {food,   positive}",All things considered it was good and the taste was very authentic.
404,তারা যে আইডিয়াটা আমার ভালো লেগেছে এবং স্বাদও ভালো ছিলো।,"{miscellaneous,   positive},  {food,   positive}",I liked the idea of ​​them and the taste was good.
405,এতো ভালো স্বাদ এখানে কিন্তু দামটা একটু বেশি ছিলো।,"{food,   positive},  {price,   negative}",The taste is so good here but the price is a bit high.
406,শুধু স্বাদের কথা যদি বলি তাইলে আমার কাছে ভালোই লাগসে এবং তার সাথে একটা ঘড়োয়া পরিবেশের ছোয়া পেলাম রেস্টুরেন্টে।,"{food,   positive},  {ambiance,  positive}","If I talk about the taste only, I like it and with it I got a touch of homely atmosphere in the restaurant."
407,সাইড ডিশগুলা অনেক ভালো ছিলো এবং দামও অনেক কম ছিলো যা ভেবেছিলাম তার থেকে।,"{food,   positive},  {price,   positive}",The side dishes were very good and the price was much less than I expected.
408,খাবার সস্তা কিন্তু টেস্ট আমার কাছে অথেন্টিক লাগ্লো কেনো জানি।,"{price,   positive},  {food,   positive}","The food is cheap but the taste seemed authentic to me, I know why."
409,মেইন কোর্সের তুলনায় সাইড ডিশগুলাই ভালো লাগ্লো বেশি কিন্তু দাম যদিও মোটামুটি।,"{food,   positive},  {price,   neutral}",The side dishes are better than the main course but the price is reasonable.
410,মধুবন হোটেলটার পরিবেশ সাম্নের হোটেলগুলার মত কোলাহলপুর্ণ না এবং খাবারের দামও মাঝামাঝি কাতারে।,"{ambiance,  positive},  {price,   neutral}",The environment of Madhuban Hotel is not as noisy as the previous hotels and the food prices are also in the middle range.
411,মধুবনের ঝাল-ফ্রাই এর সাথে অন্য হোটেলের কোন তুলনাই নাই কিন্তু দামটা যদিও একটু বেশি।,"{food,   positive},  {price,   negative}",Madhuban's jhal-fry is not comparable to other hotels but the price is a bit higher.
412,পরিবেশ অনেক অশান্তিপুর্ণ এবং পরিচ্ছন্নতার দিকে তেমন মনোযোগ ছিলো না কর্মচারীদের।,"{ambiance,  negative},  {miscellaneous,   negative}",The environment was very chaotic and the employees did not pay much attention to cleanliness.
413,সস্তা দাম এবং হাল্কা নাস্তার জন্য এখানে অনেক বেশি অপশন দেয়া আছে।,"{price,   positive},  {miscellaneous,   positive}",There are many options here for cheap prices and light snacks.
414,ডিম-চপে ডিমের দেখা পাওয়া মুশকিল এবং সবকিছু বাজে ।,"{food,  negative},  {miscellaneous,   negative}",It's hard to find eggs in egg-chop and everything is rotten.
415,দাম বেড়ে যাওয়া এবং খাবারের পরিমান কমে যাওয়া দেখে মাথা ঘুরপাক খাচ্ছে আমার।,"{price,   negative},  {food,  negative}",Seeing the prices go up and the quantity of food go down makes my head spin.
416,যদিও এখানে দাম কম পাশের দোকানের থেকে কিন্তু স্বাদে খাবারগুলা এতো বেশি ভালো না বলে মানুষের ভিড় পাশের দোকানেই জমছে।,"{price,   positive},  {food,  negative}","Although the price here is lower than the neighboring shops, but the taste of the food is not so good, so people gather in the neighboring shops."
417,টাকা যদিও একটু বেশি খরচ করতে হয়েছে কিন্তু যে ভালো মানের সার্ভিস পেলাম তার সামনে এই টাকা কিছুই না।,"{price,   negative},  {service,   positive}","Although I had to spend a little more money, this money is nothing in front of the good quality service I got."
418,খাবারগুলা মন জয় করার মত ছিলো এবং দাম আসলে অতিরিক্ত বেশি ছিলো না।,"{food,   positive},  {price,   neutral}",The food was mouthwatering and the prices were not too high.
419,খাওয়ার সময়সীমা একদম ঠিক ছিলো এবং  মোট খরচ খুব কম প্রতিজনে।,"{miscellaneous,   positive},  {price,   positive}",The timing of the meal was just right and the total cost was very less per person.
420,মোটা মামার হোটেলের চিংড়ির দাম এবং হোটেলের পরিবেশের কথা শুনে সেখানে যাওয়ার ইচ্ছাই মন থেকে উঠে গেলো।,"{price,   negative},  {ambiance,  negative}",Hearing about the price of prawns and the atmosphere of the fat uncle's hotel made me want to go there.
421,টাকা খরচের পরিমান মোটামুটি হলেও রেস্টুরেন্টের খাবারের অবস্থা কিন্তু বেশ ভালো ছিলো।,"{price,   neutral},  {food,   positive}","Although the amount of money spent was reasonable, the condition of the restaurant's food was quite good."
422,স্ত্রীদের পছন্দের রেস্টুরেন্টের সবকিছু যদি ভালো হয় এবং বিশেষ করে সেখানে খাবারের দাম যদি কম হয় তাইলে আর কি লাগে স্বামীদের।,"{miscellaneous,   positive},  {price,   positive}","If everything is good at the wife's favorite restaurant and especially if the price of the food there is low, then what else do husbands need?"
423,সার্ভিস তুলনামুলক খারাপ ছিলো কিন্তু খাবারের মান সেটা পুষিয়ে দিয়েছে।,"{service,   negative},  {food,   positive}",The service was relatively poor but the quality of the food made up for it.
424,খাবারের মান সেরা না হলেও এবং পরিবেশের দিক থেকে  অতটা বাজেও ছিলো না রেস্টুরেন্টটা।,"{food,   neutral},  {ambiance,  neutral}",Although the quality of the food was not the best and the environment was not that bad.
425,অতিরিক্ত জোস পরিবেশ এবং খাবারের মানও অস্থির।,"{ambiance,  positive},  {food,   positive}",The extra jos atmosphere and food quality is also unstable.
426,এখানে খাবারের স্বাদটা একটু ভালো কিন্তু আর কোনকিছু একদম কাস্টমার-ফ্রেন্ডলি না।,"{food,   positive},  {miscellaneous,   negative}",The food here tastes a little better but nothing else is quite customer-friendly.
427,খাবারগুলোর দামও মাঝারি এবং স্বাদও মাঝারি ।,"{price,   neutral},  {food,   neutral}",The price of the food is moderate and the taste is also moderate.
428,রেস্টুরেন্টটাকে এতো ভালোভাবে সাজানো হয়েছে যে বলে বুঝাতে পারবো না এবং খাবারের কোয়ালিটি যা ভেবেছিলাম তার থেকে অনেক ভালো ছিলো।,"{ambiance,   positive},  {food,   positive}",The restaurant is well decorated beyond words and the quality of the food was much better than I expected.
429,বিদেশী গ্রাহকরাও বল্লো যে তাদের কাছের খাবারের স্বাদ একদম অথেন্টিক লেগেছে এবং তারা ওয়েটারদের আচরনেও খুশি হয়েছে অনেক।,"{food,   positive},  {service,   positive}",Foreign customers also said that the food tasted very authentic to them and they were also very happy with the behavior of the waiters.
430,এতো বেশি গ্রাহকদের কিভাবে রেস্টুরেন্টের কর্মচারীরা সাম্লে নিলো বুঝে পাচ্ছি না এবং বেশি মানুষ হওয়া সত্ত্বেও রেস্টুরেন্টের পরিবেশ অনেক শান্ত ছিলো।,"{service,   positive},  {ambiance,  positive}",I don't understand how the staff of the restaurant handled so many customers and the atmosphere of the restaurant was very quiet even though there were many people.
431,মানুষকে খাবারের স্বাদে এবং দামে কিভাবে ঠকাতে হয় তা এই রেস্টুরেন্ট থেকে শেখা উচিত।,"{food,  negative},  {price,   negative}",People should learn from this restaurant how to cheat people on food taste and price.
432,ওয়েটারদের ডেকেও খুজে পাওয়া যাচ্ছিলো না আশেপাশে এবং আমাদেরকে ঠান্ডা খাবার সার্ভ করা হয়েছিলো।,"{service,   negative},  {food,  negative}",Waiters were nowhere to be found and we were served cold food.
433,খাবারের স্বাদও ভালো লাগ্লো না এবং দামও ভালো লাগ্লো না।,"{food,  negative},  {price,   negative}",The taste of the food was not good and the price was also not good.
434,খুবই অল্প টাকা খরচ করলাম কিন্তু অমৃত খাবার খেলাম মনে হচ্ছে।,"{price,   positive},  {food,   positive}",I spent very little money but it seems like I am eating nectar.
435,অবশেষে যা বল্বো তা হলো কাকলী ফার্নিচারের মত এই রেস্টুরেন্টের খাবারও দামে কম এবং মানে ভালো।,"{price,   positive},  {food,   positive}","Finally what I can say is that like Kakali Furniture, the food in this restaurant is also low in price and good in quality."
436,লাচ্চিতে মিষ্টি বলতে কিছুই ছিলো না এবং দামও অনেক বাজে।,"{food,  negative},  {price,   negative}",There was nothing sweet about Lachchi and the price was too expensive.
437,নাচোসের জন্য লাইনে দাঁড়িয়ে থাকতে থাকতে কাহিল হয়ে গিয়েছি কিন্তু অবশেষে যখন খেতে পেলাম তখন হতাশা দুর হয়ে গেলো।,"{service,   negative},  {food,   positive}","Waiting in line for nachos made me cringe, but when I finally got to eat, the frustration was gone."
438,খাবারের স্বাদ অনেক বাজে এবং সার্ভিসের পুরাই বারোটা বাজিয়ে দিয়েছে রেস্টুরেন্টটা।,"{food,  negative},  {service,   negative}",The taste of the food is very bad and the service is full of twelve bells in the restaurant.
439,যতটা উচু মানের খাবার ভেবেছিলাম ততটা ভালো ছিলো না খাবারটা এক কথায় সাধারন স্বাদ কিন্তু দাম একদম সস্তা ছিলো না।,"{food,   neutral},  {price,   negative}",The food was not as good as I thought it was high quality food in a word the taste was normal but the price was not cheap at all.
440,না আছে পরিবেশ এবং না আছে সার্ভিস।,"{ambiance,  negative},  {service,   negative}",No environment and no service.
441,বাসায় রান্না করা খাবারও এই রেস্টুরেন্ট থেকে ভালো এবং বাসায় এতোক্ষন অপেক্ষাও করা লাগতো না।,"{food,  negative},  {service,   negative}",Home cooked food is better than this restaurant and you don't have to wait so long at home.
442,"রেস্টুরেন্টের বয়স অনেক বেশি হলেও,  নিজেদের পরিবেশ আগের মতই ভালো রাখতে পেরেছে।","{miscellaneous,   positive}, {ambiance,  negative}","Although the restaurant is very old, it has managed to keep its atmosphere as good as before."
443,রেস্টুরেন্টের বয়স অনেক বেশি হলেও এটি খাবারের মান  ভালো রাখতে পেরেছে।,"{food,   positive},  {ambiance,  positive}","Although the restaurant is very old, it has managed to maintain the quality of the food."
444,করিম মামার খিচুরিটা একটু পাতলা হয় যেজন্য স্বাদ একটু ভিন্ন এবং দামও অতটা বেশি না মাত্র ২৫ টা।,"{food,   positive},  {price,   positive}",Karim Mama's khichuri is a little thinner so the taste is a little different and the price is not that high at just 25.
445,এই রেস্টুরেন্টটি নিজেদের খাবারের স্বাদ এবং সার্ভিস দিয়ে আশেপাশের সব রেস্টুরেন্টগুলা ব্যবসা বন্ধ করিয়ে দিবে যা মনে হচ্ছে।,"{food,   positive},  {service,   positive}",This restaurant seems to put all the nearby restaurants out of business with its food taste and service.
446,কারন একদম সেই আগের মত অমৃত স্বাদ কিন্তু দাম যদিও আগে থেকে অনেক বেড়ে গেছে।,"{food,   positive},  {price,   negative}",Because the taste of nectar is the same as before but the price has increased a lot.
447,ভুতের আড্ডা রেস্টুরেন্টের পরিবেশটাই একটু আলাদা অন্যান্য জায়গা থেকে এবং দামও তার সাথে সাথে অনেক বেশি।,"{ambiance,  positive},  {price,   negative}",The ambiance of Bhoot Adda Restaurant is a bit different from other places and the prices are also high.
448,ভুতের আড্ডাতে যে ভুতুরে নাটকটি কিছু সময় পর পর করা হয় সেটিই গ্রাহকদের বেশি আকৃষ্ট করে এবং সেখানে খাবারের মানও ভালো।,"{miscellaneous,   positive},  {food,   positive}",The ghost play that is performed every now and then in Bhoot Adda attracts more customers and the quality of food is also good there.
449,এক কথায় যেকোনো রকম মিটিং এর জন্য সেরা জায়গা এবং কাস্টমারদের সাথে ব্যবহারও অনেক ভালো।,"{miscellaneous,  positive},  {service,   positive}","In short, the best place for any type of meeting and the experience with customers is also very good."
450,ওয়েটারদের সার্ভিসে বেশি খুশি হতে পারলাম না কিন্তু খাবারের স্বাদ আমাকে সন্তুষ্ট করলো।,"{service,   negative},   {food,   positive}",Couldn't be more happy with the waiters service but the taste of the food satisfied me.
451,প্রচুর ভালো খাবার কিন্তু রেস্টুরেন্টের লোকেশনটা আরেকটু ভালো দেখে বাছাই করা উচিত ছিলো।,"{food,   positive},  {miscellaneous,   negative}",Very good food but the location of the restaurant should have been chosen better.
452,রেস্টুরেন্টে ঢুকে একটা আলাদা রকমের পরিবেশ পেলাম এবং সাথে পেলাম ভালো মানের খাবারও।,"{ambiance,  positive},  {food,   positive}","Entering the restaurant, I got a different atmosphere and also got good quality food."
453,বিদেশী রাধুনীদের দিয়ে রান্না করানো হচ্ছে এই রেস্টুরেন্টে এবং তাই খাবারের দাম একটু বেশি।,"{miscellaneous,   positive},  {price,   negative}",This restaurant is being cooked by foreign cooks and hence the price of the food is a bit high.
454,বাচ্চাদের সাথে খেলা করার জন্য আলাদা কর্মচারী আছে এই রেস্টুরেন্টে এবং এতো বেশি সুবিধা দেয়া সত্ত্বেও এখানে খাবারের দাম মোটামুটি।,"{service,   positive},  {price,   neutral}",There is a separate staff to play with the kids in this restaurant and despite all the facilities the food here is reasonably priced.
455,খাবারের মান এবং গ্রাহকদের খুশি করার ব্যাপারে এতো বেশি সচেতন বলেই রেস্টুরেন্টটা সবসময় ভড়পুর থাকে গ্রাহকে।,"{food,   positive},  {service,   positive}",The restaurant is always full of customers because it is so conscious about food quality and customer satisfaction.
456,খাবারের মান এবং উনাদের সার্ভিস এতো বেশি বদলে গেছে যে আমি খুশি না হয়ে পারছি না।,"{food,   positive},  {service,   positive}",The quality of food and their service has changed so much that I can't help but be happy.
457,রেস্টুরেন্টের ডেকোরেশন খুবই সাধারন কিন্তু কেনো জানি এই ব্যাপারটি এখানের পরিবেশকে সুন্দর করে তুলেছে।,"{miscellaneous,   neutral},  {ambiance,  positive}",The decoration of the restaurant is very simple but I know why this thing has made the atmosphere here beautiful.
458,রেস্টুরেন্টের কোন এসি কাজ করছে না এবং খাবারের জন্যও অনেক্ষন ধরে অপেক্ষা করতে করতে সব গ্রাহকদেরই মেজাজ খারাপ হয়ে গেছে।,"{ambiance,  negative},  {service,   negative}",The AC in the restaurant is not working and all the customers are in a bad mood as they wait for a long time for the food.
459,সার্ভিস ভালো ছিলো কিন্তু ওয়েটারগুলোকে আমার বেশি ওভার-ফ্রেন্ডলি লেগেছে।,"{service,   positive},  {miscellaneous,   negative}",Service was good but I found the waiters to be over-friendly.
460,হেব্বি মজা হইসে খাবারগুলা এবং অন্য রেস্টুরেন্টের পরিবেশের এখানের ধারে কাছেও নেই।,"{food,   positive},  {ambiance,  positive}",The food and ambiance of other restaurants are not even close to this one.
461,মাছের প্রতি ভালোবাসা তৈরি করে দিলো এই রেস্টুরেন্টের খাবার আমার মনে কিন্তু দামটা অতিরিক্ত বেশি।,"{food,   positive},  {price,   negative}",The food of this restaurant created a love for fish in my mind but the price is too high.
462,খাবারের দাম অনেক বেশি বেড়ে গেছে এবং এরজন্য রেস্টুরেন্টের জনপ্রিয়তা আর আগের মত নেই।,"{price,   negative},  {miscellaneous,   negative}",Food prices have gone up a lot and because of this the popularity of restaurants is not what it used to be.
463,পেটের আগে মন ভড়ে গেলো খাবারটা খেয়ে কিন্তু অনেক টাকা গুনা লেগেছে যদিও।,"{food,   positive},  {price,   negative}",The mind was full before the stomach by eating the food but it cost a lot of money.
464,ডামপ্লিং এর বাইরের লেয়ারটা অনেক বেশ মোটা ও টেস্টি ছিলো খেয়ে এবং খুব বেশিক্ষন অপেক্ষাও করতে হয়নি খাবারের জন্য।,"{food,   positive},  {service,   positive}",The outer layer of the dumpling was very thick and tasty to eat and did not have to wait too long for the food.
465,মেন্যুতে বেশি অপশন নেই যা বেশিরভাগ গ্রাহকদের অপছন্দের ব্যাপের এই রেস্টুরেন্ট নিয়ে কিন্তু যা খাবার আছে সেগুলো সবই অনেক সুস্বাদু।,"{miscellaneous,   negative},  {food,   positive}",There aren't many options on the menu which is what most customers dislike about this restaurant but the food they do have is very tasty.
466,ব্যবসায়ী হিসেবে এটা বলতে পারি যে রেস্টুরেন্টের বিজনেস পলিসি এবং খাবারের মান আমার অনেক পছন্দ হয়েছে।,"{miscellaneous,   positive},  {food,   positive}",As a businessman I can say that I liked the restaurant's business policy and food quality.
467,দাম কম রেখেছে কিন্তু ফালুদাতে অনেক বেশি ফলের মিশ্রন দিয়েছে তারা।,"{price,   positive},  {food,   positive}",They have kept the price low but they have mixed a lot of fruits in Faluda.
468,স্বাদেই বুঝা যাচ্ছে আসল মাতৃভান্ডারের রসমালাই এবং দামও বেশ রিসোনেবল।,"{food,   positive},  {price,   positive}",The taste shows the original mother's stock rasmalai and the price is very reasonable.
469,লজ্জা থাকলে আর আসছি না এই রেস্টুরেন্টে এতো বাজে খাবার আর সার্ভিসের আবার অভিজ্ঞতা নিতে।,"{food,  negative},  {service,   negative}","If I am ashamed, I will not come to this restaurant to experience such bad food and service again."
470,বুমার্স ক্যাফেতে খাবারের দাম এতো বেশি কিন্তু খাবারের পরিমান দেখে মন খারাপ হয়ে গেলো।,"{price,   negative},  {food,  negative}",The price of food at Boomer's Cafe is so high but the quantity of food is disappointing.
471,সার্ভিস যতই ভালো দেয়া হোক না কেনো এই রেস্টুরেন্ট কিন্তু খাবারের পরিমানে অনেক চুরি করেছে এরা।,"{service,   positive},  {food,  negative}","No matter how good the service is, this restaurant has stolen a lot of food."
472,তারা ধীরস্থিরভাবে সার্ভিস দিচ্ছে কিন্তু তবুও গ্রাহকদের চাহিদার ব্যাপারে খেয়াল রাখছে।,"{service,   negative},  {miscellaneous,   positive}",They are providing slow service but still taking care of customer needs.
473,প্রথমে খাবারের দাম দেখে মন খারাপ হলো এবং তারপর খাবার খাওয়ার পর আরো বেশি মন খারাপ হয়ে গেলো।,"{price,   negative},  {food,  negative}",First I was upset by the price of the food and then after eating the food I was even more upset.
474,এই রেস্টুরেন্টের খাবারের কোয়ালিটি এবং সার্ভিসের ব্যাপারে অভিযোগ করার কোন সুযোগই নেই।,"{food,   positive},  {service,   positive}",There is no room to complain about the food quality and service of this restaurant.
475,স্বাদে অসাধারন ছিলো প্রতিটা আইটেম এবং উনাদের কাজের ধরনও অন্যান্য জায়গা থেকে ভালো ছিলো।,"{food,   positive},  {service,   positive}",Every item tasted amazing and their workmanship was better than other places.
476,অনেক বেশি টাকা খরচ করলাম কিন্তু কপালে কুখাদ্যই জুটলো।,"{price,   negative},  {food,  negative}",I spent a lot of money but I got bad food.
477,রেস্টুরেন্টের পরিবেশ এবং সার্ভিস দুটোতেই কোন নাম্বার কাটতে পারলাম না।,"{ambiance,  positive},  {service,   positive}",I could not cut any numbers in the environment and service of the restaurant.
478,স্টেক কিভাবে রান্না করতে হয় এদের থেকে শিখা দরকার সব রেস্টুরেন্টের এবং সাথে খুবই মনোমুগ্ধকর পরিবেশ।,"{food,   positive},  {ambiance,  positive}",All restaurants need to learn how to cook steak from them and have a very charming atmosphere.
479,সব ওয়েটার খুব ভালো করে জানে যে মেন্যুতে কি আছে এবং রেস্টুরেন্টটা খুব ভালো একটা পরিবেশ উপহার দিতে পেরেছে গ্রাহকদের।,"{service,   positive},  {ambiance,  positive}",All the waiters know very well what is on the menu and the restaurant has managed to offer a very good atmosphere to the customers.
480,রেস্টুরেন্টে বসতেই আমাদের স্বাগতমের জন্য ড্রিংক্স দিয়েছেন তারা যেটা আমার অনেক ভালো লাগসে এবং উনাদের বাকি সার্ভিসও অনেক ভালো ছিলো।,"{miscellaneous,   positive},  {service,   positive}",They gave us welcome drinks as soon as we sat in the restaurant which I like very much and the rest of their service was also very good.
481,কম দামের আইটেম অর্ডার করলে ওয়েটারদের ব্যবহার ভালো থেকে খারাপ হয়ে যায় এবং বেশিরভাগ খাবারের দামই অনেক বেশি মনে হলো।,"{service,   negative},  {price,   negative}",Ordering lower priced items made the waiters experience worse and most of the food seemed overpriced.
482,স্টেকের ভিতরের রঙ একদম গোলাপী পেয়ে মনটা খুশি হয়ে গেলো এবং সার্ভারদের ব্যবহারও অনেক নম্র ছিলো।,"{food,   positive},  {service,   positive}",The inside of the steak was very pink and the servers were very polite.
483,মেজবানি-হালিমের স্বাদ ও পরিমানের উপর আমরা সবাই ক্রাশ খেয়ে গেছি এবং দামও অল্পই ছিলো।,"{food,   positive},  {price,   positive}",We were all crushed by the taste and quantity of Mejbani-Haleem and the price was also low.
484,দামটা হয়তো বেশি কিন্তু বিশ্বাস করুন আপ্নারা সবাই এটা খেলে আর অন্যকিছু একদম ভালো লাগবে না।,"{price,   negative},  {food,   positive}",The price may be high but believe me you all play it and you won't like anything else.
485,ব্যাপারটা আমার পছন্দ হয়নি এবং খাবারের দামও ভ্যাট মিলিয়ে অনেক বেশি ছিলো।,"{miscellaneous,   negative},  {price,   negative}",I didn't like it and the food was too expensive including VAT.
486,ফ্রাইড চিকেনটা একটু এদিক সেদিক হয় নাই এবং দামও অনেক কম বাকি রেস্টুরেন্ট থেকে।,"{food,   positive},  {price,   positive}",The fried chicken is a bit different and the price is much lower than other restaurants.
487,তাদের স্পেশালিটি হলো মাশরুম স্যুপ তা আমি খেয়েই বুঝতে পারছি এবং দামেও অনেক রিসোনেবল ছিলো আইটেমটা।,"{food,   positive},  {price,   positive}","Their specialty is mushroom soup, I can tell by eating it and the price of the item was very reasonable."
488,ফ্রাইড রাইস খেলাম কি বিশ্রী এবং অন্য সবকিছুও বেশি পছন্দ হলো না আমাদের কারোরই।,"{food,  negative},  {miscellaneous,   negative}",None of us liked the fried rice khelam ki vishiri and everything else.
489,"মালাই , বাদাম দিয়ে চা খাওয়ার প্রথম অভিজ্ঞতাটা খুবই চমৎকার ছিলো এবং  দাম অনেক কম চায়ের।","{food,   positive},  {price,   positive}","The first experience of tea with malai, almonds was very good and the price of tea is very low."
490,ময়না মামার স্পেশাল হালিমে মাংসের পরিমান যথেষ্ট ছিলো এবং দামও ১০০ টাকার নিচেই।,"{food,   positive},  {price,   positive}",Maina Mama's special halim had enough meat and the price was under 100 rupees.
491,হালিম বানানোর আইডিয়াটা ইউনিক কিন্তু আমার কাছে স্বাদ বেশি ভালো লাগে নাই।,"{miscellaneous,   positive},  {food,  negative}",The idea of ​​making haleem is unique but I don't like the taste much.
492,হালিমটা একদম কড়া কিন্তু পরিচ্ছন্নতার দিকটা আমার অপছন্দ ছিলো।,"{food,   positive},  {ambiance,  negative}",Halim is very strict but I disliked the cleanliness aspect.
493,যে এতো ভালো পরিবেষন হতে পারে আজকে এই রেস্টুরেন্টে প্রথম দেখলাম এবং দামও মোটামুটি রেঞ্জের ভিতরেই।,"{food,   positive},  {price,   neutral}",Today is the first time I saw this restaurant that the environment can be so good and the price is quite within the range.
494,পানির দরে উপমা বিক্রি করছেন উনারা ঠিকই কিন্তু তাতে বাদামের তেমন নিশান পেলাম না আমি।,"{price,   positive},  {food,  negative}","They are selling Upma at the price of water, but I didn't find any sign of nuts in it."
495,মামার পানের দোকানটা অনেক রঙিন লাগছে দেখতে এবং উনার পান বানানোর দ্রুততা দেখে আমরা সবাই মুগ্ধ হয়েছি।,"{miscellaneous,   positive},  {service,   positive}",Uncle's paan shop looks very colorful and we are all impressed by the speed of his paan making.
496,খাবারের গন্ধই রুচিহীন এবং পারলে এতো বেশি টাকা যে বিল দিলাম সেগুলা ফেরত নিতাম।,"{food,  negative},  {price,   negative}",The smell of the food is tasteless and if I could I would take back the bill that I paid so much.
497,ফুচকার সাইজ ছোট এবং তাই দামটা আমার কাছে ঠিকই লাগছে।,"{food,   negative},  {price,   positive}",The size of the bag is small and hence the price is right for me.
498,যে কাবাবটা অনেক বেশি টেস্টি লাগছে এবং দামও অন্যান্য রেস্টুরেন্টের মতই মোটামুটি।,"{food,   positive},  {price,   neutral}",The kebab looks very tasty and the price is similar to other restaurants.
499,এই রেস্টুরেন্টের বিফ কাবাবটা একটা মাস্ট ট্রাই আইটেম এবং উনাদের সার্ভিসের মান ও গতি অনেক ভালো।,"{food,   positive},  {service,   positive}",The beef kebab of this restaurant is a must try item and their service quality and speed is very good.
500,চিকেন-বল গুলার পরিবেষন অনেক ভালো ছিলো কিন্তু স্বাদ ততটা ভালো ছিলো না।,"{service,   positive},  {food,  negative}",The chicken-balls had a good texture but the taste was not that good.
501,আর এমনিতে রাজহাসের মাংস অত পছন্দের না আমার। তবে এইটা ভালো।,"{food,   negative},  {food,   positive}",And I don't like the meat of Rajhas so much. But this is good.
502,পিজ্জা এর দামটা অনেক বেশি কিন্তু স্বাদ ভালো ছিলো যদিও।,"{price, negative}, {food, positive}",The price of the pizza was high but the taste was good though.
503,মোটামোটি কম দাম সবকিছুর এবং রেস্তোরার পরিবেশও ভালো।,"{price, positive}, {ambiance, positive}",Everything is reasonably priced and the ambiance of the restaurant is also good.
504,খাবারে ঝালের পরিমান বেশি বাজে ছিলো এবং বাচ্চাদের জন্য পরিবেশটা ভালো ছিলো না।,"{food, negative}, {ambiance, negative}",The amount of salt in the food was too bad and the environment was not good for children.
505,খাবারগুলোর বাশি ছিলো কিন্তু তবুও বেশি দাম দেয়া লাগ্লো আমাদের।,"{food, negative}, {price, negative}",The food was good but still we felt overcharged.
506,খাবারের পরিমান অনেক বেশি এবং দামও সাধ্যের মাঝে।,"{food, positive}, {price, positive}",The food is plentiful and the prices are affordable.
507,খাবারের স্বাদে অনেক বেশি বৈচিত্রতা আছে এবং কর্মচারীদের ব্যবহারও অনেক ভালো ছিলো।,"{food, positive}, {service, positive}",There is a lot of variety in the taste of the food and the behavior of the staff was also very good.
508,বন্ধুদের সাথে এতো ভালো স্বাদের খাবার অনেক দিন পর খেতে পারলাম এবং উনাদের সার্ভিসও অসাধারন ছিলো।,"{food, positive}, {service, positive}",I could eat such good tasting food with my friends after a long time and their service was also amazing.
509,খাবারের পরিবেশনা অনেক ভালো এবং উনাদের পরিবেশ বাজে ছিলো।,"{service, positive}, {ambiance, negative}",Food service is very good and their atmosphere is bad.
510,এতো বাজে খাবার কিভাবে চলে বুঝতে পারছি না এবং দামও অনেক বেশি।,"{food, negative}, {price, negative}",I don't understand how the food is so bad and the price is too high.
511,বাকি জায়গা থেকে খাবারের দাম একটু কম এখানে এবং পরিচ্ছন্নতাও অনেক ভালো।,"{price, positive}, {service, positive}",Food prices are a little lower than other places and cleanliness is also very good.
512,বিরিয়ানির দাম কম ঠিকই কিন্তু সাথে সাথে মাংসের পরিমানও কম।,"{price, positive}, {food, negative}",Biryani is cheap but at the same time the quantity of meat is also less.
513,খাবারের মান সাধারন ছিলো কিন্তু দাম অনেক বেশি ছিলো।,"{food, neutral}, {price, negative}",The quality of the food was average but the prices were high.
514,মিষ্টিগুলা অনেক জঘন্য ছিলো এবং উনাদের ব্যবহারও আমার খারাপ লেগেছে।,"{food, negative}, {service, negative}",The sweets were disgusting and I hated their use.
515,খাবার স্বাদ এতো ভালো ছিলো মন খুশি হয়ে গেলো এবং ভালো ব্যবহারের জন্য বকশিসও দিয়ে ছিলাম উনাদের।,"{food, positive}, {service, positive}",The food tasted so good that I was happy and I was giving them gratuity for good use.
516,কর্মচারীরা রুক্ষ ছিলো এবং খাবারের দামও আকাশ্চুম্বী ছিলো।,"{service, negative}, {price, negative}",The staff were rude and the food prices were sky high.
517,দামের প্রখরতা অনেক বেশি কিন্তু স্বাদে ভালো যদিও।,"{price, negative}, {food, positive}",The price is steep but the taste is good.
518,অনেক কষ্টে ভালো মানের রেস্তোরা পাওয়া গেলো এবং দামও মোটামুটি।,"{ambiance, positive}, {price, neutral}",Hard to find a good quality restaurant and the price is fair.
519,আজকের সময়ে এতো কম দাম খাবারের বিশ্বাস হচ্ছে না এবং পরিবেশও ভালো রেস্তোরার।,"{price, positive}, {ambiance, positive}","In today's time, you can't believe the low price of the food and the atmosphere of the restaurant is also good."
520,শুধু শুধু সময় নষ্ট করলাম কারন খাবারের মান ভালো ছিলো না এবং পরিবেশও আমার পছন্দ হয়নি।,"{food, negative}, {ambiance, negative}",Just wasted my time because the quality of food was not good and I didn't like the environment.
521,অনেক বেশি আইটেম আছে খাবারের এবং দামও আয়ত্তের মাঝে যেটা ভালো।,"{food, positive}, {price, positive}",There are many items of food and the prices are also within the range which is good.
522,খুব কম সময়ে সার্ভিস পেয়ে ভালো লাগ্লো কিন্তু বেশি দামের জন্য খারাপ লেগেছে রেস্তোরাটা।,"{service, positive}, {price, negative}",It was good to get the service in a very short time but the restaurant felt bad for the high price.
523,কর্মচারীদের মাঝে অস্থিরতা দেখা যাচ্ছিলো যেটা বাজে এবং পরিবেশও আমার বাজে লেগেছে।,"{service, negative}, {ambiance, negative}",There was unrest among the employees which was bad and the atmosphere was bad for me.
524,ব্যক্তিগতভাবে আমার রেস্তোরার পরিবেশ বেশ ভালো লেগেছে কিন্তু খাবারের স্বাদ খারাপ বল্বো।,"{ambiance, positive}, {food, negative}",Personally I like the atmosphere of the restaurant but the taste of the food is bad.
525,মোটামুটিও হবে না উনাদের সার্ভিসের মান কিন্তু খাবারের মান ভালো ছিল।,"{service, negative}, {food, positive}",Their service quality will not be fair but food quality was good.
526,আমার বাচ্চাদের রেস্তোরার পরিবেশ অনেক ভালো লাগে এবং এখানে খাবার অনেক স্বাস্থ্যকর বাচ্চাদের জন্য।,"{ambiance, positive}, {food, positive}",My kids love the atmosphere of the restaurant and the food here is very healthy for kids.
527,শাহী খিচুরিতে শাহীভাব ছিলো না এতো বাজে হয়েছে কিন্তু উনাদের সার্ভিস এতো ভালো যে আমি মুগ্ধ হয়েছি।,"{food, negative}, {service, positive}",Shahi Khichuri did not have Shahibhav so bad but their service is so good that I am impressed.
528,সার্ভিসের ব্যাপারে উনারা অনেক বাজে ছিলেন কিন্তু খাবারের মানের ব্যাপারে উনারা ভাল ছিলেন।,"{service, negative}, {food, positive}",They were very bad in terms of service but good in terms of food quality.
529,পরিচ্ছন্নতা অনেক খারাপ ছিলো এবং খাবারের দামের প্রখরতাও বেশি ছিলো।,"{service, negative}, {price, positive}",The cleanliness was very poor and the food prices were high.
530,অসাধারন পরিবেশনা খাবারের কিন্তু স্বাদে ভালো লাগেনি আমার খাবারগুলো।,"{service, positive}, {food, negative}",Great serving of food but did not like the taste of my food.
531,এই রেস্তোরা থেকে আমার বাসার খাবার বেশি মজা এবং দামও আমার কাছে অনেক চওড়া মনে হলো।,"{food, negative}, {price, negative}",My home food is more fun than this restaurant and the prices are too expensive for me.
532,পোলাও এর নামে ভাত খাওয়াচ্ছে উনারা গ্রাহকদের এতো বাজে খাবার কিন্তু দাম বেশি করে নিচ্ছে ঠিকই।,"{food, negative}, {price, negative}","In the name of polao, they are feeding rice to the customers, but they are charging high prices."
533,সময়টা ভালো কাটলো রেস্তোরার পরিবেশের জন্য এবং উনাদের সার্ভিসও অসাধারন ছিলো।,"{ambiance, positive}, {service, positive}",The time was good because of the atmosphere of the restaurant and their service was also amazing.
534,আজ থেকে এটা আমার অপছন্দের রেস্তোরা কারন এখানে সার্ভিস অনেক বাজে এবং দামও অনেক বেশি সবকিছুর।,"{service, negative}, {price, negative}",From today it is my favorite restaurant because the service here is very bad and the price of everything is very high.
535,আইস্ক্রিমের স্বাদ এখনো জিভে লেগে আছে আমার এতো জোস ছিলো কিন্তু উনাদের দোকানের পরিবেশের অবস্থা বেশ খারাপ ছিলো।,"{food, positive}, {ambiance, negative}",The taste of ice cream is still on my tongue. I was so excited but the environment of their shop was very bad.
536,আগের মত ভালো খাবার আর নেই এখানে এবং উনাদের সার্ভিসও বাজে লাগছে আজকে।,"{food, negative}, {serice, negative}",The food is not as good as before and their service is also bad today.
537,বাসার পাশে এতো ভালো মানের খাবার পাবো ভাবিনি এবং দামও অতটা বেশি না।,"{food, positive}, {price, neutral}",I never thought I would get such good quality food near home and the price is not so high.
538,ভাবি নেই এতো বাজে মানের খাবারও হতে পারে রেস্তোরাতে এবং জায়গাটাও অনেক বিদঘুটে।,"{food, negative}, {ambiance, negative}",I don't think that such bad quality food can be in the restaurant and the place is also very strange.
539,রেস্তোরাটা আমার প্রিয় কারন এখানে আড্ডা দেবার ভালো পরিবেশ আছে এবং উনাদের ব্যবহার বেশ ভালো।,"{ambiance, positive}, {service, positive}",The restaurant is my favorite because it has a good atmosphere to hang out and their service is very good.
540,সার্ভিসের অবস্থা অনেক জোস ছিলো এবং উনাদের রেস্তোরার লোকেশন্টাও অনেক ভালো ছিলো।,"{service, positive}, {ambiance, positive}",The service condition was very jose and the location of their restaurant was also very good.
541,ড্রিংক্সের দাম অনেক বেশি কিন্তু স্বাদ ভালো ছিলো যদিও।,"{price, negative}, {food, positive}",Drinks were expensive but tasted good though.
542,মানুষের ভিড় দেখেই বুঝা যাচ্ছে অনেক ভালো মানের খাবার পাওয়া যায় এখানে এবং দামও ভালোই কম।,"{food, positive}, {price, positive}","By looking at the crowd, it is clear that there is a lot of good quality food available here and the price is also very low."
543,এখানের চাইনিজ খাবারের মেন্যুটা অনেক ভালো এবং পরিবেশও মনোমুগ্ধকর।,"{food, positive}, {ambiance, positive}",The menu of Chinese food here is very good and the atmosphere is also charming.
544,কর্মচারীরা অনেক বাজে ব্যবহার করেছে সকলের সাথে এবং উনাদের রেস্তোরার পরিবেশও অনেক জঘন্য ছিলো।,"{service, negative}, {ambiance, negative}",The staff behaved very badly with everyone and the environment of their restaurant was also very disgusting.
545,ফলের জুসটা অনেক ভালো লেগেছে আমার কিন্তু উনাদের সার্ভিসের মান এতো বাজে বলে খুশি হয়নি পুরোপুরি।,"{food, positive}, {service, negative}",I liked the fruit juice very much but was not completely happy because their service quality was so bad.
546,রেস্তোরা খাবারের স্বাদের মান বেড়েছে এবং সাথে সাথে উনাদের রেস্তোরার পরিবেশও অনেক উন্নত হয়েছে।,"{food, positive}, {ambiance, positive}",The taste quality of the restaurant food has increased and at the same time the ambiance of their restaurant has also improved a lot.
547,জাপানিজ খাবারের নামে পচা খাবার বিক্রি করছেন উনারা এতোটা বিদ্ঘুটে স্বাদ এবং সার্ভিসিং আরো বেশি বাজে ছিলো।,"{food, negative}, {service, negative}","They are selling rotten food in the name of Japanese food, the taste is so weird and the service is even worse."
548,শর্মাতে মাংস অনেক বেশি ছিলো এবং অনেক তাড়াতাড়ি পরিবেশন করছিলেন কর্মচারীরা।,"{food, positive}, {service, positive}",Sharma had a lot of meat and was served very quickly by the staff.
549,খাবারের মান আগের মত ভালো নেই আর এবং পরিচ্ছন্নতার ব্যাপারে উনারা অনেক পিছেয়ে আছেন।,"{food, negative}, {service, negative}",The quality of food is not as good as it used to be and they are lagging behind in terms of cleanliness.
550,লাড্ডুতে একদম মিষ্টতা নেই ভাই এবং দাম এতো বেশি যে আমি হতাশ।,"{food, negative}, {price, negative}",There is no sweetness in the laddu bro and the price is so high that I am disappointed.
551,আমার বন্ধুরা এতো বাজে জায়গা কেম্নে আমাকে আসার জন্য বল্লো বুঝলাম না কিন্তু কর্মচারীরা অনেক চটপটে ছিলো।,"{ambiance, negative}, {service, positive}",I didn't understand why my friends told me to come to such a bad place but the staff were very quick.
552,রেস্তোরাটা খাবার খাওয়ার জন্য একদম পারফেক্ট জায়গা কিন্তু জায়গার অনেক অভাব এখানে।,"{food, positive}, {ambiance, negative}",The restaurant is a perfect place to have food but there is a lot of lack of space here.
553,এখানের খাবার জেলের খাবার থেকেও বাজে এবং সার্ভিসিংও জঘন্য।,"{food, negative}, {service, negative}",The food here is worse than jail food and the service is horrible.
554,পরিচ্ছন্নতার অবস্থা বারোটা বাজার দিসে উনারা এবং পরিবেশের অবস্থাতো আরো বাজে।,"{service, negative}, {ambiance, negative}",The condition of cleanliness is worse in Barota Bazar and the condition of the environment is worse.
555,খাবারের পরিমান অনেক বেশি ছিল যা বলে বুঝানোর মত না কিন্তু  এতো কম দাম কিভাবে বুঝতে পারছি না।,"{food, positive}, {price, psoitive}",The amount of food was so much that it is beyond explanation but I don't understand how the price is so low.
556,৫ তারকা হোটেলের সব গুন আছে কারন এতো ভালো খাবার আর ভালো পরিবেশ আগে আমি পাইনি কোথাও।,"{food, positive}, {ambiance, positive}",It has all the qualities of a 5 star hotel because I have never found such good food and good environment anywhere before.
557,কম সময়ে আমাদেরকে খাবারগুলো পরিবেশন করে দিলেন কর্মচারীরা ঠিকই কিন্তু খাবারে একদম স্বাদ নেই।,"{service, positive}, {food, negative}","The staff served us the food in a short time, but the food had no taste at all."
558,খাবারে লবনের অভাব যে খাবারের স্বাদ একদম নষ্ট করে দেয় তা আজকে এখানে খেয়ে বুঝলাম এবং উনাদের সার্ভিসিং এ অনেক ভুল ছিলো।,"{food, negative}, {service, negative}",Today I ate here and realized that the lack of salt in the food spoils the taste of the food and there were many mistakes in their serving.
559,দক্ষ কর্মচারীরা রেস্তোরাটা অনেক উন্নত করেছে পরিবেশের ক্ষেত্রে আগের থেকে কিন্তু খাবারের মান বাজেই রয়ে গেছে।,"{service, positive}, {food, negative}",Skilled staff have improved the restaurant in terms of ambience but the quality of the food remains poor.
560,উনাদের খাবারের স্বাদতো আগে থেকে অনেক বেশি ইম্প্রুভ হয়েছে কিন্তু উনারা রেস্তোরার জায়গাটা আরো বড় করছে না কেনো বুঝছি না।,"{food, positive}, {ambiance, negative}",The taste of their food has improved a lot from before but I don't understand why they are not making the restaurant area bigger.
561,এখানে বাজে পরিবেশের জন্য আসতে ইচ্ছা করে না ঠিকই কিন্তু খাবারের স্বাদ ভালো বলে আসি।,"{ambiance, negative}, {food, positive}",I don't want to come here for the bad atmosphere but the food tastes good.
562,রেস্তোরার পরিবেশের অবস্থা গোয়াল ঘরের মত বাজে এবং খাবারের স্বাদ বোমি করার মত বাজে।,"{ambiance, negative}, {food, negative}",The environment of the restaurant smells like cowshed and the food tastes like bomb.
563,এতো জঘন্য খাবার পশুও খাবে না এবং সাথে সাথে দামও অনেক বেশি রাখছেন উনারা।,"{food, negative}, {price, negative}",Even animals will not eat such disgusting food and at the same time they are keeping the price too high.
564,রেস্তোরার এতো বেশি নিয়ম কানুন আছে দেখে আমি হতাশ কিন্তু খাবার অনেক বেশি এনজয় করেছি।,"{miscellaneous, negative}, {food, positive}",I was disappointed that the restaurant had so many rules but I enjoyed the food a lot.
565,রেস্তোরার পুরনো জিনিসগুলো পরিবেশকে নষ্ট করছে এবং কর্মচারীদের সার্ভিসের অবস্থাও বেশ ভালো ছিলো না।,"{ambiance, negative}, {service, negative}",The old things in the restaurant were spoiling the atmosphere and the service of the staff was not very good.
566,বৃষ্টিতে এখানের খিচুরি না হলে আমার চলেই না এতো ভালো স্বাদ উনাদের খিচুরির কিন্তু ডেলিভারি দিতে অনেক বেশি সময় লাগে।,"{food, positive}, {service, negative}","If the khichuri here is not available in the rain, I don't like the taste of their khichuri but it takes a lot of time to deliver."
567,গরমে একদম অবস্থা বাজে সব কাস্টমারদের এতো গরম পরিবেশ ছিলো এবং কর্মচারীদের কাজ অনেক স্লো।,"{ambiance, negative}, {service, negative}","In summer, the situation is very bad, all the customers had such a hot environment and the work of the employees is very slow."
568,রেস্তোরাটার জায়গা বেড়েছে ঠিকই কিন্তু স্বাদ বাড়তে পারেনি।,"{ambiance, positive}, {food, negative}",The space of the restaurant has increased but the taste has not increased.
569,এই ছাতার গ্রিল একদম ভালো লাগে নাই এতো বাজে খেতে এবং দামও সোনার দামের মত বেশি।,"{food, negative}, {price, negative}",This umbrella grill doesn't like to eat so badly and the price is as high as the price of gold.
570,জমি বেচে এখানে খেতে যাওয়া লাগবে এতো বেশি দাম খাবারের কিন্তু ভালো পরিবেশের ছোয়া পেতে সকলে এখানে যায়।,"{price, negative}, {ambiance, positive}","It is necessary to sell the land and go here to eat, the price of food is so high, but everyone goes here to get the touch of a good environment."
571,বাচ্চাদের ফ্রিতে খেলনা দিচ্ছে উনারা মার্কেটিং এরজন্য যেটা ভালো কিন্তু খাবারের দাম বেশি রেখে খেলনাগুলার দাম আদায় করে নেয়া হচ্ছে ঠিকই।,"{miscellaneous, positive}, {price, negative}","They are giving free toys to children, which is good for marketing, but the price of food is high and the price of toys is being collected."
572,ফ্রি ওয়াইফাই নতুন যোগ করা হয়েছে এখানে যার জন্য ভালো লাগছে এবং পরিবেশও ভালোভাবে উপভোগ করছি।,"{miscellaneous, positive}, {ambiance, positive}",Free WiFi is newly added here for which feels good and also enjoying the environment well.
573,মেন্যুতে খাবার দেখাইসে একরকম আর আমাদের খেতে দিসে আরেকরকম এতো বাজে হইসে এবং উনাদের ব্যবহারও সকলের অপছন্দ লেগেছে।,"{food, negative}, {service, negative}",It is so bad that they show food in the menu one way and give us another way and their behavior is also disliked by everyone.
574,খাবার খেয়ে গালি দিতে ইচ্ছা করছে উনাদের এতো বাজে স্বাদ এবং দামও জঘন্যভাবে সেট করেছে সবকিছুর।,"{food, negative}, {price, negative}","Wanting to abuse the food, their taste is so bad and the prices are set abominably."
575,টক্সিক পরিবেশ এবং সার্ভিসও বাজে।,"{ambiance, negative}, {service, negative}",Toxic environment and poor service.
576,জায়গাটা মোটামুটি কিন্তু ছবি তোলার মত কোন ভাল পরিবেশ ছিলো না।,"{miscellaneous, neutral}, {ambiance, negative}",The place is decent but there was no good environment to take pictures.
577,৪৫০ টাকার নতুন আইটেমটা সবার আকর্ষন কেড়েছে কারন সেটির স্বাদ অনেক ভালো এবং সেই তুলনায় দাম ঠিক আছে।,"{food, positive}, {price, positive}",The new item at Rs 450 has caught everyone's attention because it tastes so good and the price is right in comparison.
578,খাবারের দাম তেমন বাজে ছিলো না কিন্তু মান অনেক বাজে ছিলো।,"{price, neutral}, {food, negative}",The price of the food was not that bad but the quality was very bad.
579,কম সময়ে ডেলিভারি পেতে আমি এ রেস্তোরাকে রিকমেন্ড করবো এবং দামও এমন বেশি না।,"{service, positive}, {price, neutral}",I would recommend this restaurant for quick delivery and not too expensive.
580,কর্মচারীদের কথা এবং কাজ আমার খুব ভালো লেগেছে কিন্তু খাবার আমার ততটা ভালো লাগে নি।,"{service, positive}, {food, negative}",I liked the words and work of the staff but the food was not so good.
581,খাবারে পোকা থাকাটা অনেক বাজে অভিগ্যতা ছিলো এবং দামও চওড়া ছিলো।,"{food, negative}, {price, negative}",It was bad habit to have insects in the food and the price was high.
582,অসাধারন পরিবেশ কিন্তু খাবার সাধারন।,"{ambiance, positive}, {food, neutral}",Great atmosphere but the food is average.
583,নিমকিগুলো বেশ মচমচে ছিলো যা সবার ভালো লেগেছে কিন্তু অনেক্ষন অপেক্ষা করা লেগেছে।,"{food, positive}, {service, negative}",The nimkis were very crunchy which everyone liked but it took a long time to wait.
584,মাসালা চিকেনের মানটা এর নামের মতই ভালো এবং দামও সাধারন ছিলো।,"{food, positive}, {price, neutral}",The quality of the masala chicken is as good as its name and the price was reasonable.
585,স্বাদে সুপ্রিম ছিলো খাবারগুলো এবং দামেও সুপ্রিম ছিলো।,"{food, postive}, {price, positive}",The food was supreme in taste and the price was also supreme.
586,খাবার পরিবেশন করতে অনেক সময় লেগেছে কর্মচারীদের এবং ভালো করে রান্নাও করা হয়নি খাবারগুলো।,"{service, positive}, {food, negative}",The staff took a long time to serve the food and the food was not cooked well.
587,যত্তসব আলতু ফালতু খাবারে ভর্তি মেন্যুটা এবং জায়গাটাও দমবন্ধ করার মত।,"{food, negative}, {ambiance, negative}","The menu and the place are suffocating, full of junk food."
588,উনাদের চাপাতির সাইজগুলো অনেক বড় ছিলো এবং তার সাথে দামও সাইজে অনেক বড় ছিলো।,"{food, positive}, {price, negative}",The sizes of their chapatis were very large and the prices were also very large in size.
589,খাবারগুলোর স্বাদ এতোটা শকিং ভালো ছিলো যে বলে বুঝাতে পারবো না কিন্তু বহুত অপেক্ষা করা লেগেছে সার্ভিস পেতে।,"{food, positive}, {service, negative}",The taste of the food was so shockingly good that I can't explain but it took a lot of waiting to get the service.
590,খুব বেশি রসালো ছিলো চমচমটা এবং উনাদের ডেলিভারির স্পিডে আমরা অনেক খুশি হয়েছি।,"{food, positive}, {service, positive}",It was very juicy and we were very happy with their delivery speed.
591,এতো ঢীলা কর্মচারী কোন রেস্তোরা আগে দেখেনি আমি কিন্তু বাকি সবকিছু ভালো ছিলো।,"{service, negative}, {miscellaneous, positive}",I have never seen a restaurant with such lax staff but everything else was good.
592,এই রেস্তোরাতে মাছ খেয়ে আরো বেশি মাছের প্রতি ঘৃণা জমে গেলো আমার এবং এতো বেশি দামও দেয়া লাগ্লো।,"{food, negative}, {price, negative}",Eating fish in this restaurant made me hate fish even more and I felt like paying such a high price.
593,মানুষ যেমন্টা বলেছিলো তেমনই পেলাম সবকিছু এখানে আর তা হলো অস্থির মানের খাবার এবং দামে অনেক বেশি ডিসকাউন্ট।,"{food, positive}, {price, positive}",I got everything here as people said and that is unsurpassed quality food and huge discount in price.
594,দামে উনারা অনেক বেশি ডিসকাউন্ট দিচ্ছেন যেটা অনেক জোস এবং উনাদের খাবারও সবার ভালো লাগছে।,"{price, positive}, {food, positive}",They are giving a lot of discount on the price which is very popular and everyone likes their food.
595,সাধারন দামের খাবারের বড়ই অভাব এখানে এবং সব কাস্টমারদের সাথে ভালো ব্যবহারও করছিলো না উনারা।,"{miscellaneous, negative}, {service, negative}",Food of normal price is very scarce here and they are not treating all the customers well.
596,জীবনে প্রথম দুম্বার মাংস খেলাম আর স্বাদে অনেক ভালো লেগেছে কিন্তু টাকা যদিও বেশি গুনা লেগেছে এরজন্য।,"{food, positive}, {price, negative}",I ate Dumba meat for the first time in my life and I liked the taste but it cost me a lot of money.
597,এখন থেকে এই রেস্তোরা আমার সব থেকে পছন্দের জায়গা হলো কারন কর্মচারীরা অনেক ফ্রেন্ডলি এবং উনাদের সার্ভিসও ফাস্ট।,"{service, positive}, {service, positive}",From now on this restaurant is my favorite place because the staff are very friendly and their service is also fast.
598,উনারা মাটির পাতিলের রান্না খাবারের স্বাদ আরো ভালো করেছে মনে হচ্ছে এবং এতো কম দাম শুনে মনটা ভালো হয়ে গেলো।,"{food, positive}, {price, positive}",They seem to have improved the taste of the food cooked in the clay pot and it was heartening to hear such a low price.
599,উনাদের রান্নার কথাই আলাদা কিন্তু পরিচ্ছন্নতার দিকে অনেক বেশি খেয়াল করতে হবে কর্মচারীদের।,"{food, positive}, {service, negative}",Their cooking is different but the employees have to pay more attention to cleanliness.
600,ভালো অভিজ্ঞতা ছিলো এখানে খাবার খাওয়ার কিন্তু সার্ভিস আরেকটু ফাস্ট করা দরকার।,"{food, positive}, {service, negative}",It was a good experience eating here but the service needs to be a little faster.
601,পিজ্জাটি সুস্বাদু ছিল  কিন্ত অভিজ্ঞতা জঘন্য  ।,"{food, positive}, {price, positive}",The pizza was delicious but the experience was horrible.
602,"খাবার খুব ভালো ছিল , কিন্তু দাম বেশি ছিল।","{food,   positive},   {price,   negative}","The food was very good, but the price was high."
603,"খাবার ভালো ছিল, কিন্তু পরিবেশ খুব একটা ভালো ছিল না।","{food,   positive},   {ambiance,   negative}","The food was good, but the atmosphere was not so good."
604,খাবার সবসময় ভালো লাগে এবং সাথে সাথে পরিবেশন করা হয়।,"{food,   positive},   {service,   positive}",Food is always good and served promptly.
605,দাম খুব ভাল এবং পরিষেবাটি দুর্দান্ত।,"{price,   positive},   {service,   positive}",The prices are very good and the service is excellent.
606,"রেস্তোরাঁটি এখন খাবারের সাথে একটি দুর্দান্ত কাজ করছে, তাই এটি আরও আরামদায়ক জায়গা।","{food,   positive},  {ambiance,   positive}","The restaurant is doing a great job with the food now, so it's a more relaxed place."
607,দাম খুব বেশি না হলেও মাংসের অংশগুলো অনেক বড় ছিল।,"{price,   positive},  {food,   positive}","Although the price was not high, the meat portions were huge."
608,"সেবা ভালো ছিল না  , খাবারও ভালো ছিল না।","{service,   negative},   {food,   negative}","Service was not good, food was not good either."
609," ছোটো দোকান, কিন্তু এমন খাবার বিক্রি করে যা সত্যিই ভাল।","{miscellaneous,   negative},{food,   positive}","Small shop, but sells food that is really good."
610,"রেস্তোরাঁয় তেমন একটা পরিবেশ ছিল না, এবং পরিষেবা ধীরগতির ছিল।","{ambiance,   negative},   {service,   negative}","The restaurant didn't have much atmosphere, and the service was slow."
611,রেস্তোরাঁয় বাতাস ছিল না এবং খাবার খুব একটা ভালো ছিল না।,"{ambiance,  negative},   {food,   negative}",The restaurant had no air and the food was not very good.
612,যখন আমরা শান্তভাবে কিছু উদযাপন করতে চাই।,"{miscellaneous,   positive}",When we want to celebrate something quietly.
613,"আমি বিশ বছর ধরে ভাল খাচ্ছি, এবং এই ভোজটি আমার সবচেয়ে ভাল ছিল।","{food,   positive},   {food,   positive}","I've been eating well for twenty years, and this feast was the best I've ever had."
614,খাবারটি সুস্বাদু হলেও দাম একটু বেশি ছিল।,"{food,   positive},   {price,   negative}",The food was delicious but the price was a bit high.
615,আপনি যদি একটি পরিষ্কার বাথরুম উপভোগ করতে চান তবে আপনাকে একটি পরিষ্কার পরিষেবা প্রদান করতে হবে।,"{ambiance,   positive},  {service,   negative}","If you want to enjoy a clean bathroom, you need to provide a cleaning service."
616,আমরা মহান খাদ্য এবং মহান সেবা আছে.,"{food,   positive},   {service,   positive}",We have great food and great service.
617,"এখানে খাবার সত্যিই ভাল, কিন্তু পরিষেবা সত্যিই খারাপ।","{food,   positive},   {service,   negative}","The food here is really good, but the service is really bad."
618," খাওয়ার জন্য একটি নিরাপদ, পরিষ্কার জায়গা থাকুক।","{food,   positive},   {ambiance,   positive}","Have a safe, clean place to eat."
619,"কিছু লোক প্রচুর পনিরের সাথে নাচোস পছন্দ করে, আমার দেশি নাচোস ভালো লাগে না।","{food,   positive}, {food,   negative}","Some people like nachos with lots of cheese, I don't like desi nachos."
620,"খাবার ছিল টেস্টলেস, তবে আপনাকে আরও টাকা দিতে হবে।","{food,   negative}, {price,   negative}","Food was tasteless, but you have to pay more."
621,দোকানে প্রচুর সুস্বাদু আইটেম রয়েছে এবং সেগুলির দামও যুক্তিসঙ্গত৷,"{food,   positive},   {price,   positive}",The store has a lot of delicious items and they are also reasonably priced
622,আপনি যদি ভাল কফি চান তবে আপনার একটি শান্ত পরিবেশ প্রয়োজন।,"{food,   positive},   {ambiance,   positive}","If you want good coffee, you need a quiet environment."
623,স্টেক সুস্বাদু ছিল এবং এটি একটি মহান চুক্তি ছিল!,"{food,   positive},   {price,   positive}",The steak was delicious and it was a great deal!
624,"খাইতে ভালো, তাই দাম বেশি।","{food,   positive}, {price,   negative}","Good to eat, so the price is high."
625,ডাম্পলিংগুলি খুব ভাল নয়। সবকিছু দিতে দেরি হয়ে গেছে।,"{food,   negative},   {service,   negative}",Dumplings are not very good. It's too late to pay everything.
626,"খাবারটা দেখতে খুব সুন্দর, কিন্তু খুব খারাপ স্বাদ","{food,   positive}, {food,   negative}","The food looks good, but tastes bad"
627,"তাদের রান্নাঘর খুব সুন্দর নয়, তাই লোকেরা খাবারের স্বাদ ততটা উপভোগ করতে পারে না।","{ambiance,   negative},  {food,   negative}","Their kitchen is not very nice, so people can't enjoy the taste of the food as much."
628,"এই কম দামে, এই আইটেমগুলি খুঁজে পাওয়া কঠিন।","{price,   positive},  {food,   positive}","At these low prices, these items are hard to find."
629,"খাবারের স্বাদ খুব ভালো নয়, কিন্তু রেস্তোরাঁর সাজসজ্জা সত্যিই সুন্দর।","{food,   neutral},   {ambiance,   positive}","The taste of the food is not very good, but the decoration of the restaurant is really nice."
630,"এটি সাধারণত অন্যান্য খাবারের তুলনায় একটু কম লবণাক্ত, টেস্ট অতুলনীয়।","{food,   positive}, {food,   positive},","It is usually a little less salty than other dishes, the taste is unmatched."
631,"দাম ঠিকই, তবে এবারের পরীক্ষা ভিন্ন।","{price,   positive},   {miscellaneous,   negative}","The price is right, but this test is different."
632,"বিরিয়ানির ভাত ছিল তুলতুলে , কিন্তু মাংস ছিল শক্ত।","{food,   positive},   {food,   negative}","The biryani rice was fluffy, but the meat was tough."
633,"গরুর মাংস খুব ভালো ছিল, কিন্তু কালাবুনা নামটা ঠিক ছিল না।","{food,   positive},   {food,   negative}","The beef was very good, but the name Kalabuna was not right."
634,আমি রাজহাসের মাংসের স্বাদ পছন্দ করি কিন্তু এই দোকানের রাজহাস ভাল লাগেনি।,"{food,   positive}, {food,   negative},",I love the taste of Rajhas meat but the Rajahas from this shop did not taste good.
635,মুরগির আইটেমগুলি খুব সুস্বাদু ছিল এবং পরিষেবাটি খুব দ্রুত ছিল।,"{food,   positive},   {service,   positive}",The chicken items were very tasty and the service was very quick.
636,শিজলিংটার হল এক ধরণের খাবার যা গরম এবং তাজা পরিবেশন করা হয়।,"{food,   positive},   {service,   positive}",Schizlingter is a type of food that is served hot and fresh.
637,খাবারের দাম বেশি হলেও রাস্তায় বার্গার বেশি পাওয়া যায়।,"{price,   negative},   {food,   positive}",Food is more expensive but burgers are more available on the street.
638,খাবারটি ঠান্ডা ছিল এবং আমরা এটি আসার জন্য দীর্ঘ সময় অপেক্ষা করেছি।,"{food,   negative},   {service,   negative}",The food was cold and we waited a long time for it to arrive.
639,দোকানের অভাব নাই কিন্তু আমি ভালো খাবার খুঁজে পাচ্ছি না।,"{miscellaneous,   positive}, {food,   negative}",There is no shortage of shops but I can't find good food.
640,এই রেস্তোরার অনেক সুনাম আহচে কিন্তু খাবারটাতো তা বলসে না।,"{miscellaneous,   positive}, {food,   negative}",This restaurant has a lot of reputation but the food doesn't say it.
641,"এক টুকরো মাংসও ছিল না। সব পরে, দাম বেশী!","{food,   negative},   {price,   negative}","There was not a single piece of meat. After all, the price is high!"
642,"সাব স্যান্ডউইচটাও পুরষ্কার হিসেবে খুব ভালো ছিল , আল্লাহ ধন্যবাদ পরিবেশটা খুব ভালো।","{price,   positive},   {ambiance,   positive}","The sub sandwich was also very good as a reward, thank God the atmosphere is very good."
643,সব বার্গার ছিল খুবই সুস্বাদু এবং দাম ছিল খুবই যুক্তিসঙ্গত।,"{food,   positive},   {price,   positive}",All the burgers were very tasty and the prices were very reasonable.
644,মোমো খুব সরস ছিল এবং দাম ছিল যুক্তিসঙ্গত।,"{food,   positive},   {price,   positive}",The momos were very juicy and the price was reasonable.
645,"তাদের খাবারের স্বাদ ছিল গড়, কিন্তু তাদের পরিবেশন ছিল একেবারে চমত্কার।","{food,   neutral},   {service,   positive}","The taste of their food was average, but their serving was absolutely fantastic."
646,এখানকার খাবার ছিল উচ্চ মানের এবং অনেক দামে।,"{food,   positive},   {price,   positive}",The food here was of high quality and at a great price.
647,"বিরিয়ানি ঠান্ডা ছিল, দামও অনেক বেশি।","{food,   negative},   {price,   negative}","Biryani was cold, price too high."
648,পিজ্জা ভাল ছিল কিন্তু অভিজ্ঞতা ভয়ানক ছিল.,"{food,   positive},   {service,   negative}",The pizza was good but the experience was terrible.
649,"খাবারের সাথে আমাদের অভিজ্ঞতা ভাল ছিল, কিন্তু আমরা মান নিয়ে খুব হতাশ ছিলাম।","{service,   positive},  {food,   negative}","Our experience with the food was good, but we were very disappointed with the quality."
650,মাংসের টুকরোগুলি পাতলা এবং ব্যয়বহুল উভয়ই ছিল।,"{food,   positive},   {price,   negative}",The cuts of meat were both thin and expensive.
651,"জঘন্য হালিম, পরিবেশও খারাপ।","{food,   negative}, {ambiance,   negative}","Awful Halim, the environment is also bad."
652,"এই স্যুপ খুব ভাল ছিল, অনেক মুরগির এবং মাশরুম সঙ্গে.","{food,   positive},{food,   positive}","This soup was very good, with lots of chicken and mushrooms."
653,"আমি সত্যিই  পিজ্জা উপভোগ করেছি, আর সার্ভিসও বেশ ভাল ছিল।","{food,   positive},{service,   positive}","I really enjoyed the pizza, and the service was pretty good."
654,"হালিম এক কথায় আশ্চর্যজনক ছিল, আমি ভক্ত হয়ে গেছি।","{food,   positive},   {miscellaneous,   positive}","Haleem was amazing in one word, I became a fan."
655,"বুফেটির খাবারের মান চমৎকার, এবং অভ্যন্তরটিও খুব সুন্দর।","{food,   positive},  {miscellaneous,   positive}","The quality of the buffet food is excellent, and the interior is also very nice."
656,"এছাড়াও, খাবারগুলি খুব সাশ্রয়ী মূল্যের, এটি সামগ্রিকভাবে একটি দুর্দান্ত পরিবেশ।","{price,  positive},  {ambiance,  positive}","Also, the food is very affordable, it's a great atmosphere overall."
657,গরুর চাপ স্বাদ সত্যিই সুস্বাদু এবং তাদের সেবা খুব দ্রুত ছিল.,"{food,   positive},  {service,   positive}",The beef pressure taste is really delicious and their service was very fast.
658,"সেবা খুব সন্তুষ্ট ছিল, গরুর চাপ স্বাদ সত্যিই সুস্বাদু ","{service,   positive}, {food,   positive}","The service was very satisfying, the beef pressure taste really delicious"
659,"পরিষেবাটি ভাল ছিল, তবে কিছু জিনিস রয়েছে যা আমি তাদের সম্পর্কে পছন্দ করি না।","{service,   positive},  {miscellaneous,   negative}","The service was good, but there are some things I don't like about them."
660,"নেহারি খুব আকর্ষণীয়, কিন্তু পরিবেশ খুব সুন্দর নয়।","{food,   positive},   {ambiance,   negative}","Nehari is very attractive, but the environment is not very nice."
661,"তাদের পরিষেবাটি দুর্দান্ত ছিল, তবে তারা তাদের খাবারের স্বাদে তাদের মনোযোগ উন্নত করতে পারে।","{service,   positive},  {food,   negative}","Their service was great, but they could improve their focus on the taste of their food."
662,চাল খুব ভালো ছিল কিন্তু সেবাও খুব একটা ভালো ছিল না।,"{food,   positive},  {service,   negative}",The rice was very good but the service was not very good.
663,খাবারটা খুব ভালো ছিল কিন্তু দোকানের লোকেশনটা ভাল না।,"{food,   positive},  {miscellaneous,   negative}",The food was very good but the location of the shop is not good.
664,খাবারের স্বাদ দারুণ এবং সেবাও দারুণ।,"{food,   positive},  {service,   positive}",The food tastes great and the service is great.
665,"সাইড ডিশগুলি খুব ভাল নয়, তবে পরিষেবাটি ভাল।","{food,   negative},  {service,   positive}","The side dishes are not very good, but the service is good."
666,খাবার একদম বেস্ট কিন্তু সেবা খুব একটা ভালো ছিল না।,"{food,   positive}, {service,   negative}",The food was the best but the service was not very good.
667,পরিষেবাটি দুর্দান্ত এবং খাবারের মান ভাল।,"{service,   positive},  {food,   positive}",The service is excellent and the quality of the food is good.
668,মুরগির দাম যখন আপনার কাছে সঠিক বলে মনে হয় তখন সবচেয়ে ভালো মুরগির চাপ।,"{price,  positive}. {food,   positive}",Chicken pressure is best when the price of chicken seems right to you.
669,খাবারের স্বাদ দারুণ এবং ভেতরটাও ভালো।,"{food,   positive},  {ambiance,   positive}",The food tastes great and the inside is good too.
670,বারবিকিউ দুর্দান্ত ছিল। দাম একটু বেশি ছিল।,"{food,   positive},  {price,  negative}",The barbecue was great. The price was a bit high.
671,"খাবারের দাম বেশি ছিল, কিন্তু মান ভালো ছিল না।","{price,   negative},   {food,   negative}","The food was expensive, but the quality was not good."
672,খাবার ভাল ছিল না এবং পরিষেবা ভয়ঙ্কর ছিল।,"{food,   negative},  {service,   negative}",The food was not good and the service was terrible.
673,খাদ্য ভাল কিন্তু  পরিবেশের অবস্থা খুব একটা ভালো না,"{food,  positive},  {ambiance,  negative}",Food is good but environment is not very good
674,এখানে দুর্দান্ত দাম এবং একটি দুর্দান্ত পরিবেশ রয়েছে।,"{price,  positive},  {ambiance,  positive}",There are great prices and a great atmosphere.
675,খাবার কতটা ভালো রান্না করা হয়েছে এবং রেস্তোরাঁটি দেখতে কতটা সুন্দর তা দেখে শিশুরা খুব মুগ্ধ হয়েছিল।,"{food,   positive},  {service,   positive}",The children were very impressed with how well the food was cooked and how beautiful the restaurant looked.
676,"এখানকার খাবার ভালো, কিন্তু এটা এমন জায়গা নয় যেখানে আমরা আমাদের পরিবারকে নিয়ে যেতে স্বাচ্ছন্দ্য বোধ করব।","{food,  positive},  {ambiance,  negative}","The food here is good, but it's not a place we would feel comfortable taking our family to."
677,এই কাচ্চি সত্যিই ভালো। যদিও দাম বেশি।,"{food,   positive},  {price,  negative}",This kacchi is really good. Although the price is high.
678,রেস্তোরাঁটি ছোট হলেও মেনুতে অনেক দামি জিনিস রয়েছে।,"{ambiance,  negative},  {price,   negative}",The restaurant is small but has a lot of expensive items on the menu.
679,"পরিবেশ ভালো না , খাবারও ভালো না।","{ambiance,  negative},  {food,   negative}","The environment is not good, the food is not good either."
680,"কিছু লোক মনে করেন যে অমৃত সুস্বাদু, তবে এটি কিছুটা ব্যয়বহুল।","{food,   positive},  {price,  negative}","Some people think that nectar is delicious, but it is a bit expensive."
681,মাংসের পরিমাণ খুব বেশি না হলেও দামও তুলনামূলক কম ছিল।,"{food,  negative},  {price,   positive}",The quantity of meat was not much but the price was relatively low.
682,একটি শান্ত জায়গা আপনাকে স্বাচ্ছন্দ্য বোধ করবে এবং কর্মীরা বন্ধুত্বপূর্ণ এবং সহায়ক হবে।,"{ambiance,  positive},  {service,   positive}",A quiet place will make you feel relaxed and the staff will be friendly and helpful.
683,"সুস্বাদু খাবার, আর দামও সাশ্রয়ী।","{food,   positive}, {price,   positive}","Delicious food, and affordable too."
684,"খাবার ভালো ছিল, কিন্তু দাম ছিল অনেক বেশি।","{food,   positive},  {price,   negative}","The food was good, but the prices were too high."
685,"এই পণ্যের দাম যেমন বেড়েছে, তেমনি গুণমানও বেড়েছে।","{price,   negative},  {food,   positive}","As the price of this product has increased, so has the quality."
686,ক্রিমসনকাপের পরিবেশ আশীর্বাদে পূর্ণ এবং কফি একটি আশীর্বাদ।,"{ambiance,  positive},  {food,   positive}",Crimsoncup's environment is full of blessings and coffee is a blessing.
687,আমি শক্তিশালী কফি পছন্দ করিনি এবং দাম বেশি ছিল।,"{food,  negative},   {price,   negative}",I didn't like strong coffee and the price was high.
688,অনেক আইটেম আছে যেগুলো ভালো এবং কোম্পানি পরিবেশের যত্ন নেয়।,"{miscellaneous,   positive},  {ambiance,  positive}",There are many items that are good and the company cares for the environment.
689,"প্যানকেক খুব ভাল ছিল, এবং ওয়েটস্টাফ দ্রুত এটি পরিবেশন.","{food,   positive},  {service,   positive}","The pancake was very good, and the waitstaff served it quickly."
690,সবার মুখে অনেক নাম শুনেছি কিন্তু আমি এখানকার খাবার পছন্দ করিনি।,"{miscellaneous,   positive}, {food,  negative}",Heard many names on everyone's lips but I didn't like the food here.
691,দামগুলি গড়ের চেয়ে বেশি কিন্তু স্বাদ গড়ের নিচে।,"{price,   negative}, {food,  negative}",Prices are above average but taste is below average.
692,এখানকার খাবার খুব একটা ভালো না আবার দামও।,"{food,  negative},  {price,   negative}",The food here is not very good and also the price.
693,বাচ্চাদের খেলার জায়গা এবং তাদের জন্য ভালো খাবারও আছে।,"{ambiance,  positive},  {food,   positive}",There is also a play area for kids and good food for them.
694,লাচ্ছিটার স্বাদ ভালো না হলেও রেস্টুরেন্টের পরিবেশ ভালো নয়।,"{food,   negative},  {ambiance,  negative}",The taste of the lachita is not good but the atmosphere of the restaurant is not good.
695,পণ্যের দাম বাড়লেও গুণগত মান ও স্বাদের কোনো পরিবর্তন হয়নি।,"{price,   negative},  {food,   neutral}","Although the price of the product has increased, the quality and taste have not changed."
696,"আমি খাবারের স্বাদ পছন্দ করিনি, তবে পরিষেবাটি ভাল ছিল।","{food,  negative},  {service,   positive}","I didn't like the taste of the food, but the service was good."
697,"দেখলাম কম দামে ভালো খাবার পাওয়া যায়, পরিবেশও ভালো।","{price,   positive},  {ambiance,  positive}","I saw that good food is available at a low price, and the environment is also good."
698,"খাবারটি সস্তা, তবে আমি মনে করি না এটি খুব তাজা রাখা হয়েছে।","{price,   positive},  {food,  negative}","The food is cheap, but I don't think it's kept very fresh."
699,এত স্বাদের ভর্তা আগে কখনো খাইনি এবং দামও কম।,"{food,   positive},  {price,   positive}",I have never had such delicious bharta before and the price is also low.
700,"আমি সামুদ্রিক খাবারের স্বাদ পছন্দ করেছি, কিন্তু প্লেটে যেভাবে উপস্থাপন করা হয়েছে তা আমি পছন্দ করিনি।","{food,   positive},  {miscellaneous,   negative}","I liked the taste of the seafood, but I didn't like the way it was presented on the plate."
701,"লাসাগনার দাম বেশি, তবে এর স্বাদ রুটির মতো।","{price,   negative},  {food,  positive}","Lasagna is expensive, but tastes like bread."
702,"অন্যান্য জায়গার তুলনায় খাবারের দাম কম, কিন্তু টেস্ট একদম টপনচ।","{price,   positive}, {food,  positive}","The food is cheap compared to other places, but the taste is top notch."
703,চিকেন এবং কর্ন স্যুপ শুধু চিকেন এবং কর্ন। তবে এটি এখনও সাশ্রয়ী মূল্যের।,"{food,   positive},  {price,   positive}",Chicken and Corn Soup is just chicken and corn. But it is still affordable.
704,"খাবারের দাম আমি যা চাই তা নয়, তবে পরিষেবাটি ভাল।","{price,   negative},  {service,   positive}","The price of the food is not what I would like, but the service is good."
705,"এখানকার পরিবেশ দারুণ, তবে খাবারের দাম একটু বেশি।","{ambiance,  positive},  {price,   negative}","The ambiance here is great, but the food is a bit expensive."
706,খাবারটি এত ভালো না হলেও এটি আমার অভিজ্ঞতার সেরা পরিষেবা ছিল।,"{food,  negative},  {service,   positive}",The food was not so good but the service was the best I have ever experienced.
707,"চিকেন পিজ্জার দাম অনেক, কিন্তু তাতে খুব বেশি চিকেন আছে বলে আমার মনে হয়নি।","{price,   negative},  {food,  negative}","The chicken pizza is overpriced, but I didn't think there was much chicken on it."
708,"রেস্তোঁরাটির একটি দুর্দান্ত মেনু রয়েছে, তবে তাদের কাছে এটি সমস্ত পরিবেশন করার জন্য পর্যাপ্ত জায়গা নেই।","{miscellaneous,   positive},  {ambiance,  negative}","The restaurant has a great menu, but they don't have enough space to serve it all."
709,"কাচ্চিগুলো ভালো ছিল, কিন্তু তাদের এখানে আসতে অনেক সময় লেগেছে।","{food,   positive},  {service,   negative}","The cuties were good, but they took a long time to get here."
710,"বার্গারের দাম অনেক, কিন্তু তাতে মাংসের পরিমাণ খুব বেশি ছিল না।","{price,   negative},  {food,  negative}","The burgers were expensive, but the amount of meat wasn't too high."
711,রেস্টুরেন্টটি একটি ভাল এলাকায় অবস্থিত এবং খাবার সাশ্রয়ী মূল্যের।,"{miscellaneous,   positive},  {price,   positive}",The restaurant is located in a good area and the food is affordable.
712,"খাবার খুব ভালো ছিল না, কিন্তু দাম সত্যিই বেশি ছিল।","{food,  negative},  {price,   negative}","The food was not very good, but the prices were really high."
713,সালাদ খুব সাশ্রয়ী মূল্যের কিন্তু এইটা সব সময় পাওয়া যায় না।,"{price,   positive}, {miscellaneous,   negative}",Salads are very affordable but not always available.
714,কেকের স্বাদ দারুণ এবং পার্টির পরিবেশও দারুণ।,"{food,   positive},  {ambiance,  positive}",The cake tastes great and the party atmosphere is great.
715,খাবারটি ব্যয়বহুল নয় এবং একটি আরামদায়ক পরিবেশ রয়েছে যেখানে আপনি পরিবারের সাথে খেতে পারেন।,"{price,   positive},  {ambiance,  positive}",The food is not expensive and has a comfortable atmosphere where you can eat with the family.
716,"দাম কম, কিন্তু পরিবেশগত উদ্বেগের কারণে এই পণ্যটি ব্যবহার করা খুব একটা জনপ্রিয় নয়।","{price,   positive},  {ambiance,  negative}","The price is low, but the use of this product is not very popular due to environmental concerns."
717,এই রেস্তোরাঁর হালিমে কোনো মাংস নেই এবং দাম অন্যান্য রেস্তোরাঁর তুলনায় বেশি।,"{food,  negative},  {price,   negative}",This restaurant has no meat in the haleem and the price is higher than other restaurants.
718,"নানরোটিতে প্রচুর মাখন থাকে যা রুটির স্বাদ ভালো করে, কিন্তু যেখানে রুটি বানানো হয় সেটি পরিষ্কার নয়।","{food,   positive},  {ambiance,   negative}","Nanroti contains a lot of butter which makes the bread taste better, but the place where the bread is made is not clean."
719,"স্টেক খুব ভাল ছিল, কিন্তু দাম খুব বেশী ছিল.","{food,   positive},  {price,   negative}","The steak was very good, but the price was too high."
720,"বিরিয়ানি ঠিকই ছিল, কিন্তু   কম  দাম ছিল।","{food,   neutral},  {price,   positive}","Biryani was ok, but underpriced."
721,"এখানে সবকিছুর দাম একই, এবং এটি স্বাভাবিকের মতোই স্বাদযুক্ত।","{price,   positive},  {food,   positive}","Everything here costs the same, and tastes just like normal."
722,দাম মাত্র ৭০ টাকা হলেও নিহারী খুবই রসালো ও সুস্বাদু।,"{price,   positive},  {food,   positive}","Although the price is only 70 rupees, the nihari is very juicy and delicious."
723,রেস্তোরাঁয় অন্যান্য রেস্তোরাঁয় যে পরিমাণ বট রয়েছে তার চেয়ে বেশি বট রয়েছে। তবে এই রেস্টুরেন্টে পরিচ্ছন্নতা অনেক ভালো।,"{food,  positive},  {ambiance,  positive}",The restaurant has more bots than any other restaurant. But the cleanliness in this restaurant is very good.
724,"কাঁকড়ার দাম বেশি, কিন্তু এটা খেতে মজা নেই।","{price,   negative},  {food,  negative}","Crab is expensive, but it's not fun to eat."
725,মোগালাইতে প্রচুর ডিম রয়েছে এবং সেগুলি খুব বেশি দামী নয়।,"{food,   positive},  {price,   positive}",There are plenty of eggs in Mogalai and they are not very expensive.
726,"চিংড়ি ছোট, কিন্তু তাদের অনেক টাকা খরচ হয়।","{food,  negative},  {price,   negative}","Shrimp are small, but they cost a lot of money."
727,"আমি সত্যিই অক্টোপাস বারবিকিউ পছন্দ করেছি, কিন্তু দাম একটু বেশি ছিল।","{food,   positive},  {price,   negative}","I really liked the octopus barbecue, but the price was a bit high."
728,আপনি যদি কালাভুনাটা না খান তবে এর মানে আপনি এটি পছন্দ করেননি এবং এটি লজ্জাজনক কারণ দামটি খুবই যুক্তিসঙ্গত।,"{food,   negative},  {price,   positive}","If you don't eat Kalavuna, it means you didn't like it and it's a shame because the price is very reasonable."
729,ডেজার্ট ভালো ছিল এবং স্বাদ সত্যিই মুখরোচক ছিল।,"{food,   positive},   {food,   positive}",The dessert was good and the taste was really yummy.
730,ইফতার  থালাগুলি খাওয়ার জন্য খুব ভাল বা দামী নয়।,"{food,  negative},  {price,   positive}",Iftar dishes are not very good or expensive to eat.
731,"খাবারটি মেনু ছবির সাথে মেলে বলে মনে হচ্ছে না, এবং পরিষেবাটিও খুব ভাল ছিল না।","{food,  negative},  {service,   negative}","The food didn't seem to match the menu pictures, and the service wasn't very good either."
732,"মাছ খারাপ হওয়ায় ,  দামও কমেছে।","{food,  negative},   {price,   positive}","As the fish went bad, the price also went down."
733,চিংড়িগুলো ভালোভাবে পরিষ্কার করা হয়নি এবং তাদের চারপাশে একটা বাজে গন্ধ ছিল।,"{food,  negative},  {ambiance,  negative}",The prawns were not cleaned properly and there was a foul smell around them.
734,খাবার বিলো আভারেজ এবং পরিষেবা খুব ধীর ছিল।,"{food,  negative}, {service,   negative}",Food was below average and service was very slow.
735,পরিষ্কার-পরিচ্ছন্নতা নিশ্চিত করতে খুব আগ্রহী নয় এবং এর ফলে খাবারের মান খুব খারাপ হয়েছে।,"{ambiance,   negative},  {food,  negative}",Not very keen to ensure cleanliness and this has resulted in poor quality of food.
736,এই রেস্তোরাঁটি ভাল পরিষেবা প্রদান করে না বা বাচ্চাদের মজা করা সহজ করে না।,"{service,   negative},  {ambiance,  negative}",This restaurant does not provide good service or make it easy for children to have fun.
737,আলুপুরিতে আলুর পরিমাণ অনেক হলেও অন্যান্য দোকানে দাম ছিল স্বাভাবিক।,"{food,   positive},  {price,   positive}",The quantity of potatoes in Alupuri was high but the prices were normal in other shops.
738,দামও ভালো এবং স্বাদও দারুণ।,"{price,   positive},  {food,   positive}",The price is good and the taste is great.
739,"উপাদানের মিশ্রণ ভালো, কিন্তু স্বাদ ততটা ভালো নয় যতটা আমরা চেয়েছিলাম।","{miscellaneous,   positive},  {food,  negative}","The mix of ingredients is good, but the taste is not as good as we wanted."
740,"চিকেন ফিললেটটি খুব রসালো এবং সুস্বাদু, তবে এটি আমাদের পছন্দের চেয়ে কিছুটা বেশি ব্যয়বহুল।","{food,   positive},  {price,   negative}","The chicken fillet is very juicy and tasty, but it is a bit more expensive than we like."
741,"বার্গারের প্যাটি একটি সাধারণ বার্গারের চেয়ে ঘন, এবং এটির কারণে এটি বড়।","{food,   positive},  {miscellaneous,   positive}","The burger patty is thicker than a regular burger, and because of that, it's bigger."
742,"রেস্তোরাঁয় ঝালমুড়ির স্বাদ আকালের দোকানের মতোই, তবে দাম বেশি।","{food,   neutral},  {price,   negative}","The Jhalmuri in the restaurant tastes the same as in the Akal shop, but the price is higher."
743,মাংসগুলি ভালোভাবে রান্না করা হয়নি এবং সেগুলি খুব বড় পরিবেশন ছিল না।,"{food,  negative},  {service,   negative}",The meats were not well cooked and they were not very big servings.
744,আমি এত ভাল পরিষেবা কখনও পাইনি এবং এখানে খাবারও খুব ভাল।,"{service,   positive},  {food,   positive}",I have never had such good service and the food here is also very good.
745,খাবার যেমন টেস্টি এবং পরিবেশটিও খুব কমনীয়।,"{food,   positive}, {ambiance,  positive}",The food is just as tasty and the ambiance is also very charming.
746,এই রেস্তোরাঁয় লেবুর শরবত খুবই সতেজ এবং এটি খুবই সস্তা।,"{food,   positive},  {price,   positive}",The lemonade at this restaurant is very fresh and very cheap.
747,"মাংস খুব কোমল এবং রসালো ছিল, কিন্তু দাম এটি হওয়া উচিত ছিল তুলনায় অনেক সস্তা ছিল.","{food,   positive},  {price,   positive}","The meat was very tender and juicy, but the price was much cheaper than it should have been."
748,"সেখানে যে চাটনি থাকার কথা ছিল তা ছিল না, কিন্তু তাতে কিছু যায় আসে না কারণ এটি যেভাবেই হোক বিনামূল্যে।","{food,   negative},  {price,   positive}","There wasn't the chutney it was supposed to be, but that didn't matter because it was free anyway."
749,রেশমি কাবাব নরম এবং আপনার মুখে গলে যায়। এটা সত্যিই সাশ্রয়ী মূল্যের.,"{food,   positive},  {price,   positive}",Silky kebabs are soft and melt in your mouth. It is really affordable.
750,শিক কাবাব আসতে অনেক সময় লাগলেও শেষ পর্যন্ত স্বাদ অনেক ভালো হয়েছে।,"{service,   negative},  {food,   positive}",The shish kebabs took a long time to arrive but finally tasted great.
751,চিকেন কাটলেট রোলের ভিতরে প্রচুর মাংস থাকে এবং এটি খুব বেশি দামি নয়।,"{food,   positive},  {price,   positive}",Chicken cutlet rolls have a lot of meat inside and are not too expensive.
752,"মাংসের তরকারিটি মশলাদার, তবে এটি অন্য কিছু খাবারের তুলনায় একটি ভাল চুক্তি।","{food,   positive},  {price,   positive}","The meat curry is spicy, but it's a good deal compared to some other dishes."
753,ফুচকা দামি হলেও খেতে অনেক মজা।,"{price,   negative},  {food,   positive}",Fuchka is expensive but very fun to eat.
754,এখানকার খাবার খুব একটা ভালো নয় এবং শ্রমিকরা অলস।,"{food,  negative},  {service,   negative}",The food here is not very good and the workers are lazy.
755,"বুফেতে খাবারের সংখ্যা ছিল খুব বেশি, কিন্তু রেগুলার রেস্তোরাঁয় যা দিতে হবে তার থেকে দাম কম।","{miscellaneous,   positive},  {price,   positive}","The number of dishes in the buffet was very high, but the price was less than what you would pay in a regular restaurant."
756,"বাসমতি চাল অন্যান্য খাবারের মতো দেখতে অতটা ভালো না, তবে অন্য সব কিছুর স্বাদ ভালো ছিল।","{food,  negative},  {miscellaneous,   positive}","The basmati rice didn't look as good as the other dishes, but everything else tasted good."
757,খাবারের স্বাদ ভালো এবং পরিবেশ আগের চেয়ে অনেক ভালো।,"{food,   positive},  {ambiance,   positive}",The food tastes better and the atmosphere is better than before.
758,"আমাদের খাবার সত্যিই সুস্বাদু, কিন্তু এটি সাশ্রয়ী মূল্যের।","{food,   positive},  {price,   positive}","Our food is really tasty, but it is affordable."
759,"কেকটি অনেক দামী, তবে এটি অন্যান্য কেকের চেয়েও বেশি দামী।","{food,   positive},  {price,   negative}","The cake is very expensive, but it is more expensive than other cakes."
760,রেস্টুরেন্টের ডেকোরেশন একদম সেরা এবং এটি পরিবেশন করতে খুব বেশি সময় নেয়।,"{ambiance,   positive}, {service,   negative}",The decoration of the restaurant is the best and it takes a long time to serve.
761,দোকানের পরিবেশ চলে কিন্তু সেবা সত্যিই ভাল.,"{ambiance,  neutral},  {service,   positive}",The atmosphere of the store is run but the service is really good.
762,"বুফেতে খাবার ভালো ছিল, কিন্তু সময়সীমা একটু কম ছিল সবকিছু খাওয়ার জন্য।","{food,   positive},  {miscellaneous,   negative}","The food at the buffet was good, but the time limit was a little short to eat everything."
763,মাটন চ্যাপাটা ছিল সুস্বাদু এবং দামও ঠিক ছিল।,"{food,   positive},  {price,   positive}",The mutton chapata was delicious and the price was right.
764,রেস্তোরাঁর সাজসজ্জার উন্নতি হলেও সব খাবারের দাম কিছুটা বেড়েছে।,"{ambiance,  positive},  {price,   negative}","Although the decor of the restaurant has improved, the prices of all the dishes have increased slightly."
765,"খাবারের স্বাদ ভালোই, তবে দামটা একটু কম হলে আরও ভালো হতো।","{food,   positive},  {price,   negative}","The food tastes good, but the price would have been better if it was a little lower."
766,"এই রেস্তোরাঁর খাবার গড়, কিন্তু কর্মীরা দুর্দান্ত পরিষেবা প্রদানে খুব ভাল।","{food,   neutral},  {service,   positive}","The food in this restaurant is average, but the staff is very good at providing great service."
767,"এখানকার খাবারের স্বাদ স্ট্রিট ফুডের মতো, তবে এর দাম একটু বেশি।","{food,   neutral},  {price,   negative}","The food here tastes like street food, but costs a bit more."
768,"খাবার পরিবেশন করতে অনেক সময় লেগেছে, কিন্তু স্বাদ নিয়ে আমাদের কোনো অভিযোগ ছিল না।","{service,   negative},  {food,   positive}","The food took a long time to be served, but we had no complaints about the taste."
769,"আমি এই রেস্তোরাঁয় খাবারের জন্য দীর্ঘ সময় অপেক্ষা করেছি, কিন্তু আমি যতটা আশা করেছিলাম ততটা ভাল ছিল না।","{service,   negative},  {food,  negative}","I waited a long time for food at this restaurant, but it was not as good as I expected."
770,"দাম বেশি ছিল, কিন্তু সবাই একমত যে পিজ্জা সুস্বাদু।","{price,   negative},  {food,   positive}","The price was high, but everyone agreed that the pizza was delicious."
771,"ব্যবহার ভাল ছিল, কিন্তু বাচ্চাদের যে বাড়তি মনোযোগ দিতে হয়েছিল তা এটিকে মূল্যবান করে তুলেছিল।","{service,   positive},  {service,  positive}","The use was good, but the extra attention the kids had to pay made it worth it."
772,খাবার ভালো হলেও দাম বেশি।,"{food,   positive},  {price,   negative}",Food is good but price is high.
773,"খাবারটি সুস্বাদু ছিল, তবে এটি পেতে অনেক সময় লেগেছিল।","{food,   positive},  {service,   negative}","The food was delicious, but it took a long time to get it."
774,"আইসক্রিমগুলি ভাল, তবে সেগুলি কিছুটা ব্যয়বহুল।","{food,   neutral},  {price,   negative}","The ice creams are good, but they are a bit expensive."
775,এখানকার দই সুস্বাদু এবং দামও যুক্তিসঙ্গত।,"{food,   positive},  {price,   positive}",The curd here is delicious and the price is reasonable.
776,খাবারটি ভাল মানের এবং যুক্তিসঙ্গত মূল্যে।,"{food,   positive},  {price,   positive}",The food is of good quality and reasonably priced.
777,"রেস্তোরাঁটি ধীরে ধীরে চলছে, । পরিবেশ ঠিক আছে।","{service,   negative},  {ambiance,  positive}",The restaurant is running slowly. The environment is fine.
778,পরিষেবাটি আরও ভাল ছিল এবং পরিবেশটি আরও শিথিল ছিল।,"{service,   positive},  {ambiance,   positive}",The service was better and the atmosphere more relaxed.
779,খাবারের স্বাদ ভালো এবং সার্ভিস ভালো হওয়ার কারণ দুটোই ভালো।,"{food,   positive},  {service,   positive}",Good food and good service are both reasons.
780,"মানুষ সত্যিই কাচ্চির স্বাদ পছন্দ করে, তবে দাম একটু বেশি।","{food,   positive},  {price,   negative}","People really like the taste of Kachchi, but the price is a bit high."
781,খাসির রেজালা নাম মাত্র; আমি কিছু স্বাদ পাইনি এবং তাই মনে হচ্ছে দাম কম।,"{food,  negative},  {price,   negative}",Khasir Rezala is just a name; I haven't tasted anything and so the price seems low.
782,বার্গারগুলি খুব ভাল এবং খুব বেশি দামের ছিল না।,"{food,   positive},  {price,   positive}",The burgers were very good and not too expensive.
783,রেস্তোরাঁটি খুবই পরিষ্কার এবং পরিবেশ খুবই সুন্দর।,"{ambiance,   positive},  {ambiance,  positive}",The restaurant is very clean and the ambience is very nice.
784,খাবার ভালো এবং সেবাও ভালো।,"{food,   positive},  {service,   positive}",Food is good and service is also good.
785,"কুমিল্লার রসমালাই এলাকার অন্যান্য রসমালাই থেকে আলাদা, দামও যুক্তিসঙ্গত।","{food,   positive},  {price,   positive}","Rasmalai in Comilla is different from other rasmalais in the area, the prices are also reasonable."
786,"মেনুতে আইটেমগুলির একটি ভাল মিশ্রণ রয়েছে, তবে দামটি কিছুটা বেশি বলে মনে হচ্ছে।","{miscellaneous,   positive},  {price,   negative}","The menu has a good mix of items, but the prices seem a bit high."
787,খাবারের স্বাদ খারাপ এবং পরিষেবাটি ভয়ানক।,"{food,  negative},  {service,   negative}",The food tastes bad and the service is terrible.
788,"আমি এতটা পিজ্জা পছন্দ করিনি, কিন্তু দাম যুক্তিসঙ্গত ছিল।","{food,   negative},  {price,   positive}","I didn't like the pizza that much, but the price was reasonable."
789,"বার্গারের দাম বাড়লেও , খাবারের মান কমেছে। ","{price,   negative},  {food,  negative}","While the price of the burger has gone up, the quality of the food has gone down."
790,কিছু লোক বলে যে রেস্টুরেন্টের পরিবেশ খুব সুন্দর নয় এবং খাবারের স্বাদ খুব একটা ভালো নয়।,"{ambiance,  negative},  {food,  negative}",Some people say that the environment of the restaurant is not very nice and the taste of the food is not very good.
791,এখানকার খাবার সত্যিই ভালো ছিল এবং দামও ছিল ন্যায্য।,"{food,   positive},  {price,   positive}",The food here was really good and the price was fair.
792,যা খাবারটিকে আরও স্বাদযুক্ত এবং ব্যয়বহুল করে তোলে।,"{food,   positive},  {price,   negative}",Which makes the food tastier and more expensive.
793,মেনুতে অনেকগুলি পছন্দ ছিল এবং দামগুলি দুর্দান্ত ছিল।,"{miscellaneous,   positive},  {price,   neutral}",The menu had many choices and the prices were great.
794,ক্রেতারা খাবারের মান নিয়ে খুশি এবং দামেও খুশি।,"{food,   positive},  {price,   positive}",Customers are happy with the food quality and also happy with the price.
795,ক্রেতারা খাবারের মান নিয়ে খুশি নন এবং দামও বেশি বলে মনে করেন।,"{food,  negative},  {price,   negative}",Customers are not happy with the quality of the food and find the prices too high.
796,আমি এখানকার খাবারের দাম নিয়ে হতাশ হইনি এবং স্বাদেও খুশি ছিলাম।,"{price,   positive},  {food,   positive}",I was not disappointed with the price of the food here and was happy with the taste as well.
797,"মাংসের আইটেম শুধু চর্বি ও চর্বি, তবে দাম একটু বেশি।","{food,  negative},  {price,   negative}","Meat items are just fat and fat, but the price is a bit high."
798,"রেস্তোরাঁর ম্যানেজমেন্ট ভালোভাবে চালাতে জানে, খাবার অডার দেয়া সাথে সাথে আসে।","{miscellaneous,  positive}, {service,   positive}","The management of the restaurant knows how to run it well, the food comes as soon as the order is placed."
799,এই রেস্তোরাঁর খাবার ভালো হলেও কর্মীরা খুব একটা দক্ষ নয়।,"{food,   positive},  {miscellaneous,   negative}",The food in this restaurant is good but the staff is not very efficient.
800,আমি এর আগে ওয়েটারদের কাছ থেকে এত দুর্দান্ত পরিষেবা পাইনি এবং তাদের খাবারের মানও খারাপ নয়।,"{service,   positive},  {food,   positive}",I have never had such great service from waiters before and their food quality is not bad either.
801,"গুণগত মান ভাল, তবে দামের  তুলনাই পরিমাণ খুব কম।","{food,   positive},  {price,   negative}","The quality is good, but the quantity is very low compared to the price."
